月均利润,本港,目标,去程物品,返程物品,平均往返时间,去程利润,返程利润,本港区域,本港文化,目标区域,目标文化
23680.0,开普敦,"那不勒斯,拉古萨,威尼斯",钻石,玻璃工艺品,2.0,24960.0,22400.0,非洲西部,西非,欧洲东部,意大利
23680.0,威尼斯,"开普敦,本格拉,塞拉利昂",玻璃工艺品,钻石,2.0,22400.0,24960.0,欧洲东部,意大利,非洲西部,西非
23680.0,那不勒斯,"开普敦,本格拉,塞拉利昂",玻璃工艺品,钻石,2.0,22400.0,24960.0,欧洲东部,意大利,非洲西部,西非
23680.0,塞拉利昂,"那不勒斯,拉古萨,威尼斯",钻石,玻璃工艺品,2.0,24960.0,22400.0,非洲西部,西非,欧洲东部,意大利
23680.0,本格拉,"那不勒斯,拉古萨,威尼斯",钻石,玻璃工艺品,2.0,24960.0,22400.0,非洲西部,西非,欧洲东部,意大利
23680.0,拉古萨,"开普敦,本格拉,塞拉利昂",玻璃工艺品,钻石,2.0,22400.0,24960.0,欧洲东部,意大利,非洲西部,西非
23625.0,勃固,杭州,翡翠,青花瓷,2.0,36750.0,10500.0,东南亚,中南半岛,东亚,大明
23625.0,杭州,勃固,青花瓷,翡翠,2.0,10500.0,36750.0,东亚,大明,东南亚,中南半岛
23580.0,本格拉,马赛,钻石,天鹅绒,2.0,32760.0,14400.0,非洲西部,西非,欧洲东部,法国
23580.0,开普敦,马赛,钻石,天鹅绒,2.0,32760.0,14400.0,非洲西部,西非,欧洲东部,法国
23580.0,马赛,"开普敦,本格拉,塞拉利昂",天鹅绒,钻石,2.0,14400.0,32760.0,欧洲东部,法国,非洲西部,西非
23580.0,塞拉利昂,马赛,钻石,天鹅绒,2.0,32760.0,14400.0,非洲西部,西非,欧洲东部,法国
23575.0,阿尔金,"那不勒斯,拉古萨,威尼斯",黄金,玻璃工艺品,2.0,24750.0,22400.0,非洲西部,西非,欧洲东部,意大利
23575.0,圣乔治,"那不勒斯,拉古萨,威尼斯",黄金,玻璃工艺品,2.0,24750.0,22400.0,非洲西部,西非,欧洲东部,意大利
23575.0,阿比让,"那不勒斯,拉古萨,威尼斯",黄金,玻璃工艺品,2.0,24750.0,22400.0,非洲西部,西非,欧洲东部,意大利
23475.0,漳州,勃固,青瓷,翡翠,2.0,10200.0,36750.0,东亚,大明,东南亚,中南半岛
22925.0,巨港,杭州,翡翠,青花瓷,2.0,33600.0,12250.0,东南亚,东南亚,东亚,大明
22925.0,杭州,巨港,青花瓷,翡翠,2.0,12250.0,33600.0,东亚,大明,东南亚,东南亚
22750.0,漳州,巨港,青瓷,翡翠,2.0,11900.0,33600.0,东亚,大明,东南亚,东南亚
22500.0,澳门,勃固,茶叶,翡翠,2.0,8250.0,36750.0,东亚,大明,东南亚,中南半岛
22500.0,海州,勃固,茶叶,翡翠,2.0,8250.0,36750.0,东亚,大明,东南亚,中南半岛
20925.0,澳门,巨港,茶叶,翡翠,2.0,8250.0,33600.0,东亚,大明,东南亚,东南亚
20925.0,海州,巨港,茶叶,翡翠,2.0,8250.0,33600.0,东亚,大明,东南亚,东南亚
20737.5,长崎,勃固,漆器,翡翠,2.0,13475.0,28000.0,东亚,日本,东南亚,中南半岛
20737.5,堺,勃固,漆器,翡翠,2.0,13475.0,28000.0,东亚,日本,东南亚,中南半岛
20737.5,勃固,"堺,长崎",翡翠,漆器,2.0,28000.0,13475.0,东南亚,中南半岛,东亚,日本
19962.5,江户,勃固,日本刀,翡翠,2.0,11925.0,28000.0,东亚,日本,东南亚,中南半岛
19740.0,塔马塔夫,"波尔图,里斯本",蓝宝石,蓝花瓷片,2.0,29820.0,9660.0,印度洋,东非,欧洲西部,伊比利亚
19740.0,里斯本,塔马塔夫,蓝花瓷片,蓝宝石,2.0,9660.0,29820.0,欧洲西部,伊比利亚,印度洋,东非
19740.0,波尔图,塔马塔夫,蓝花瓷片,蓝宝石,2.0,9660.0,29820.0,欧洲西部,伊比利亚,印度洋,东非
19680.0,热那亚,"开普敦,本格拉,塞拉利昂",天鹅绒,钻石,2.0,14400.0,24960.0,欧洲东部,意大利,非洲西部,西非
19680.0,比萨,"开普敦,本格拉,塞拉利昂",天鹅绒,钻石,2.0,14400.0,24960.0,欧洲东部,意大利,非洲西部,西非
19575.0,圣乔治,马赛,黄金,天鹅绒,2.0,24750.0,14400.0,非洲西部,西非,欧洲东部,法国
19575.0,阿尔金,马赛,黄金,天鹅绒,2.0,24750.0,14400.0,非洲西部,西非,欧洲东部,法国
19575.0,阿比让,马赛,黄金,天鹅绒,2.0,24750.0,14400.0,非洲西部,西非,欧洲东部,法国
19450.0,贝宁,"那不勒斯,拉古萨,威尼斯",象牙,玻璃工艺品,2.0,16500.0,22400.0,非洲西部,西非,欧洲东部,意大利
19355.0,波尔多,"开普敦,本格拉,塞拉利昂",白兰地,钻石,2.0,5950.0,32760.0,欧洲西部,法国,非洲西部,西非
19355.0,南特,"开普敦,本格拉,塞拉利昂",白兰地,钻石,2.0,5950.0,32760.0,欧洲西部,法国,非洲西部,西非
19250.0,安平,勃固,龙涎香,翡翠,2.0,1750.0,36750.0,东亚,大明,东南亚,中南半岛
19162.5,堺,巨港,漆器,翡翠,2.0,13475.0,24850.0,东亚,日本,东南亚,东南亚
19162.5,巨港,"堺,长崎",翡翠,漆器,2.0,24850.0,13475.0,东南亚,东南亚,东亚,日本
19162.5,长崎,巨港,漆器,翡翠,2.0,13475.0,24850.0,东亚,日本,东南亚,东南亚
19110.0,巴塞罗那,塔马塔夫,火器,蓝宝石,2.0,8400.0,29820.0,欧洲东部,伊比利亚,印度洋,东非
19110.0,塞维利亚,塔马塔夫,火器,蓝宝石,2.0,8400.0,29820.0,欧洲西部,伊比利亚,印度洋,东非
18825.0,那霸,勃固,珊瑚,翡翠,2.0,900.0,36750.0,东亚,东亚,东南亚,中南半岛
18825.0,勃固,那霸,翡翠,珊瑚,2.0,36750.0,900.0,东南亚,中南半岛,东亚,东亚
18787.5,淡水,勃固,玛瑙,翡翠,2.0,825.0,36750.0,东亚,大明,东南亚,中南半岛
18700.0,洛布里,"堺,长崎",红宝石,漆器,2.0,23925.0,13475.0,东南亚,中南半岛,东亚,日本
18387.5,江户,巨港,日本刀,翡翠,2.0,11925.0,24850.0,东亚,日本,东南亚,东南亚
18340.0,加来,"开普敦,本格拉,塞拉利昂",蕾丝,钻石,2.0,3920.0,32760.0,欧洲北部,法国,非洲西部,西非
17730.0,开普敦,贝鲁特,钻石,大马士革刀,2.0,24960.0,10500.0,非洲西部,西非,欧洲东部,土耳其
17730.0,塞拉利昂,贝鲁特,钻石,大马士革刀,2.0,24960.0,10500.0,非洲西部,西非,欧洲东部,土耳其
17730.0,贝鲁特,"开普敦,本格拉,塞拉利昂",大马士革刀,钻石,2.0,10500.0,24960.0,欧洲东部,土耳其,非洲西部,西非
17730.0,本格拉,贝鲁特,钻石,大马士革刀,2.0,24960.0,10500.0,非洲西部,西非,欧洲东部,土耳其
17675.0,安平,巨港,龙涎香,翡翠,2.0,1750.0,33600.0,东亚,大明,东南亚,东南亚
17625.0,阿尔金,贝鲁特,黄金,大马士革刀,2.0,24750.0,10500.0,非洲西部,西非,欧洲东部,土耳其
17625.0,圣乔治,贝鲁特,黄金,大马士革刀,2.0,24750.0,10500.0,非洲西部,西非,欧洲东部,土耳其
17625.0,阿比让,贝鲁特,黄金,大马士革刀,2.0,24750.0,10500.0,非洲西部,西非,欧洲东部,土耳其
17610.0,马拉加,塔马塔夫,雪莉酒,蓝宝石,2.0,5400.0,29820.0,欧洲西部,伊比利亚,印度洋,东非
17610.0,帕尔马,塔马塔夫,雪莉酒,蓝宝石,2.0,5400.0,29820.0,欧洲东部,伊比利亚,印度洋,东非
17250.0,那霸,巨港,珊瑚,翡翠,2.0,900.0,33600.0,东亚,东亚,东南亚,东南亚
17250.0,巨港,那霸,翡翠,珊瑚,2.0,33600.0,900.0,东南亚,东南亚,东亚,东亚
17212.5,淡水,巨港,玛瑙,翡翠,2.0,825.0,33600.0,东亚,大明,东南亚,东南亚
17212.5,洛布里,杭州,红宝石,青花瓷,2.0,23925.0,10500.0,东南亚,中南半岛,东亚,大明
16680.0,塞维利亚,"开普敦,本格拉,塞拉利昂",火器,钻石,2.0,8400.0,24960.0,欧洲西部,伊比利亚,非洲西部,西非
16680.0,本格拉,"里斯本,塞维利亚,巴塞罗那",钻石,火器,2.0,24960.0,8400.0,非洲西部,西非,欧洲西部,伊比利亚
16680.0,开普敦,"里斯本,塞维利亚,巴塞罗那",钻石,火器,2.0,24960.0,8400.0,非洲西部,西非,欧洲西部,伊比利亚
16680.0,里斯本,"开普敦,本格拉,塞拉利昂",火器,钻石,2.0,8400.0,24960.0,欧洲西部,伊比利亚,非洲西部,西非
16680.0,巴塞罗那,"开普敦,本格拉,塞拉利昂",火器,钻石,2.0,8400.0,24960.0,欧洲东部,伊比利亚,非洲西部,西非
16680.0,塞拉利昂,"里斯本,塞维利亚,巴塞罗那",钻石,火器,2.0,24960.0,8400.0,非洲西部,西非,欧洲西部,伊比利亚
16597.5,釜山,勃固,白瓷,翡翠,2.0,5195.0,28000.0,东亚,朝鲜,东南亚,中南半岛
16597.5,勃固,"釜山,汉阳",翡翠,白瓷,2.0,28000.0,5195.0,东南亚,中南半岛,东亚,朝鲜
16597.5,汉阳,勃固,白瓷,翡翠,2.0,5195.0,28000.0,东亚,朝鲜,东南亚,中南半岛
16575.0,阿尔金,"里斯本,塞维利亚,巴塞罗那",黄金,火器,2.0,24750.0,8400.0,非洲西部,西非,欧洲西部,伊比利亚
16575.0,阿比让,"里斯本,塞维利亚,巴塞罗那",黄金,火器,2.0,24750.0,8400.0,非洲西部,西非,欧洲西部,伊比利亚
16575.0,圣乔治,"里斯本,塞维利亚,巴塞罗那",黄金,火器,2.0,24750.0,8400.0,非洲西部,西非,欧洲西部,伊比利亚
16507.5,瓦伦西亚,塔马塔夫,迷迭香,蓝宝石,2.0,3195.0,29820.0,欧洲西部,伊比利亚,印度洋,东非
16397.5,嘉定,"堺,长崎",蓝宝石,漆器,2.0,19320.0,13475.0,东南亚,中南半岛,东亚,日本
16205.0,圣多美,"那不勒斯,拉古萨,威尼斯",祖母绿,玻璃工艺品,2.0,10010.0,22400.0,非洲西部,西非,欧洲东部,意大利
16087.5,巴士拉,"圣乔治,阿比让,阿尔金",青金石,黄金,2.0,11925.0,20250.0,印度洋,波斯,非洲西部,西非
16087.5,阿尔金,"霍尔木兹,巴士拉",黄金,青金石,2.0,20250.0,11925.0,非洲西部,西非,印度洋,波斯
16087.5,阿比让,"霍尔木兹,巴士拉",黄金,青金石,2.0,20250.0,11925.0,非洲西部,西非,印度洋,波斯
16087.5,圣乔治,"霍尔木兹,巴士拉",黄金,青金石,2.0,20250.0,11925.0,非洲西部,西非,印度洋,波斯
16087.5,霍尔木兹,"圣乔治,阿比让,阿尔金",青金石,黄金,2.0,11925.0,20250.0,印度洋,波斯,非洲西部,西非
15810.0,汉阳,巨港,白瓷,翡翠,2.0,6770.0,24850.0,东亚,朝鲜,东南亚,东南亚
15810.0,巨港,"釜山,汉阳",翡翠,白瓷,2.0,24850.0,6770.0,东南亚,东南亚,东亚,朝鲜
15810.0,釜山,巨港,白瓷,翡翠,2.0,6770.0,24850.0,东亚,朝鲜,东南亚,东南亚
15792.5,伊斯坦布尔,"开普敦,本格拉,塞拉利昂",蓝眼睛,钻石,2.0,6625.0,24960.0,欧洲东部,土耳其,非洲西部,西非
15630.0,波尔图,"开普敦,本格拉,塞拉利昂",波特酒,钻石,2.0,6300.0,24960.0,欧洲西部,伊比利亚,非洲西部,西非
15575.0,达沃,"堺,长崎",沉香,漆器,2.0,17675.0,13475.0,东南亚,东南亚,东亚,日本
15575.0,文莱,"堺,长崎",沉香,漆器,2.0,17675.0,13475.0,东南亚,东南亚,东亚,日本
15575.0,雅加达,"堺,长崎",沉香,漆器,2.0,17675.0,13475.0,东南亚,东南亚,东亚,日本
15572.5,亚速尔,塔马塔夫,珍珠,蓝宝石,2.0,1325.0,29820.0,欧洲西部,伊比利亚,印度洋,东非
15450.0,贝宁,马赛,象牙,天鹅绒,2.0,16500.0,14400.0,非洲西部,西非,欧洲东部,法国
15360.0,马德拉,塔马塔夫,珊瑚,蓝宝石,2.0,900.0,29820.0,欧洲西部,伊比利亚,印度洋,东非
15360.0,拉斯帕尔马斯,塔马塔夫,珊瑚,蓝宝石,2.0,900.0,29820.0,欧洲西部,伊比利亚,印度洋,东非
15350.0,浦项,勃固,人参,翡翠,2.0,2700.0,28000.0,东亚,朝鲜,东南亚,中南半岛
15330.0,克里特,"开普敦,本格拉,塞拉利昂",古代美术品,钻石,2.0,5700.0,24960.0,欧洲东部,巴尔干,非洲西部,西非
15330.0,塞拉利昂,"雅典,萨洛尼卡,克里特",钻石,古代美术品,2.0,24960.0,5700.0,非洲西部,西非,欧洲东部,巴尔干
15330.0,萨洛尼卡,"开普敦,本格拉,塞拉利昂",古代美术品,钻石,2.0,5700.0,24960.0,欧洲东部,巴尔干,非洲西部,西非
15330.0,开普敦,"雅典,萨洛尼卡,克里特",钻石,古代美术品,2.0,24960.0,5700.0,非洲西部,西非,欧洲东部,巴尔干
15330.0,雅典,"开普敦,本格拉,塞拉利昂",古代美术品,钻石,2.0,5700.0,24960.0,欧洲东部,巴尔干,非洲西部,西非
15330.0,本格拉,"雅典,萨洛尼卡,克里特",钻石,古代美术品,2.0,24960.0,5700.0,非洲西部,西非,欧洲东部,巴尔干
15225.0,阿比让,"雅典,萨洛尼卡,克里特",黄金,古代美术品,2.0,24750.0,5700.0,非洲西部,西非,欧洲东部,巴尔干
15225.0,圣乔治,"雅典,萨洛尼卡,克里特",黄金,古代美术品,2.0,24750.0,5700.0,非洲西部,西非,欧洲东部,巴尔干
15225.0,阿尔金,"雅典,萨洛尼卡,克里特",黄金,古代美术品,2.0,24750.0,5700.0,非洲西部,西非,欧洲东部,巴尔干
15180.0,马拉加,"开普敦,本格拉,塞拉利昂",雪莉酒,钻石,2.0,5400.0,24960.0,欧洲西部,伊比利亚,非洲西部,西非
15180.0,帕尔马,"开普敦,本格拉,塞拉利昂",雪莉酒,钻石,2.0,5400.0,24960.0,欧洲东部,伊比利亚,非洲西部,西非
14962.5,文莱,杭州,沉香,青花瓷,2.0,17675.0,12250.0,东南亚,东南亚,东亚,大明
14962.5,达沃,杭州,沉香,青花瓷,2.0,17675.0,12250.0,东南亚,东南亚,东亚,大明
14962.5,雅加达,杭州,沉香,青花瓷,2.0,17675.0,12250.0,东南亚,东南亚,东亚,大明
14910.0,嘉定,杭州,蓝宝石,青花瓷,2.0,19320.0,10500.0,东南亚,中南半岛,东亚,大明
14630.0,科皮亚波,圣多美,烟草,祖母绿,2.0,11550.0,17710.0,南美洲,中南美,非洲西部,西非
14630.0,圣多美,科皮亚波,祖母绿,烟草,2.0,17710.0,11550.0,非洲西部,西非,南美洲,中南美
14560.0,洛布里,"釜山,汉阳",红宝石,白瓷,2.0,23925.0,5195.0,东南亚,中南半岛,东亚,朝鲜
14355.0,开普敦,科皮亚波,钻石,烟草,2.0,17160.0,11550.0,非洲西部,西非,南美洲,中南美
14355.0,塞拉利昂,科皮亚波,钻石,烟草,2.0,17160.0,11550.0,非洲西部,西非,南美洲,中南美
14355.0,本格拉,科皮亚波,钻石,烟草,2.0,17160.0,11550.0,非洲西部,西非,南美洲,中南美
14225.0,浦项,巨港,人参,翡翠,2.0,3600.0,24850.0,东亚,朝鲜,东南亚,东南亚
14167.5,索法拉,"波尔图,里斯本",黄金,蓝花瓷片,2.0,18675.0,9660.0,印度洋,东非,欧洲西部,伊比利亚
14105.0,圣多美,贝鲁特,祖母绿,大马士革刀,2.0,17710.0,10500.0,非洲西部,西非,欧洲东部,土耳其
14077.5,瓦伦西亚,"开普敦,本格拉,塞拉利昂",迷迭香,钻石,2.0,3195.0,24960.0,欧洲西部,伊比利亚,非洲西部,西非
13605.0,锡拉库萨,"开普敦,本格拉,塞拉利昂",牛至,钻石,2.0,2250.0,24960.0,欧洲东部,意大利,非洲西部,西非
13605.0,西西里,"开普敦,本格拉,塞拉利昂",牛至,钻石,2.0,2250.0,24960.0,欧洲东部,意大利,非洲西部,西非
13605.0,卡利亚里,"开普敦,本格拉,塞拉利昂",牛至,钻石,2.0,2250.0,24960.0,欧洲东部,意大利,非洲西部,西非
13440.0,法马古斯塔,"开普敦,本格拉,塞拉利昂",贝紫,钻石,2.0,1920.0,24960.0,欧洲东部,巴尔干,非洲西部,西非
13142.5,亚速尔,"开普敦,本格拉,塞拉利昂",珍珠,钻石,2.0,1325.0,24960.0,欧洲西部,伊比利亚,非洲西部,西非
13042.5,塞瓦斯托波尔,"开普敦,本格拉,塞拉利昂",土耳其地毯,钻石,2.0,1125.0,24960.0,欧洲东部,土耳其,非洲西部,西非
12930.0,的里雅斯特,"开普敦,本格拉,塞拉利昂",船钉,钻石,2.0,900.0,24960.0,欧洲东部,意大利,非洲西部,西非
12930.0,拉斯帕尔马斯,"开普敦,本格拉,塞拉利昂",珊瑚,钻石,2.0,900.0,24960.0,欧洲西部,伊比利亚,非洲西部,西非
12930.0,马德拉,"开普敦,本格拉,塞拉利昂",珊瑚,钻石,2.0,900.0,24960.0,欧洲西部,伊比利亚,非洲西部,西非
12892.5,雅法,"开普敦,本格拉,塞拉利昂",玛瑙,钻石,2.0,825.0,24960.0,欧洲东部,土耳其,非洲西部,西非
12450.0,贝宁,"里斯本,塞维利亚,巴塞罗那",象牙,火器,2.0,16500.0,8400.0,非洲西部,西非,欧洲西部,伊比利亚
12412.5,洛布里,那霸,红宝石,珊瑚,2.0,23925.0,900.0,东南亚,中南半岛,东亚,东亚
12257.5,嘉定,"釜山,汉阳",蓝宝石,白瓷,2.0,19320.0,5195.0,东南亚,中南半岛,东亚,朝鲜
12222.5,雅加达,"釜山,汉阳",沉香,白瓷,2.0,17675.0,6770.0,东南亚,东南亚,东亚,朝鲜
12222.5,文莱,"釜山,汉阳",沉香,白瓷,2.0,17675.0,6770.0,东南亚,东南亚,东亚,朝鲜
12222.5,达沃,"釜山,汉阳",沉香,白瓷,2.0,17675.0,6770.0,东南亚,东南亚,东亚,朝鲜
12205.0,圣多美,马赛,祖母绿,天鹅绒,2.0,10010.0,14400.0,非洲西部,西非,欧洲东部,法国
11705.0,圣多美,"雅典,萨洛尼卡,克里特",祖母绿,古代美术品,2.0,17710.0,5700.0,非洲西部,西非,欧洲东部,巴尔干
11612.5,佛得角,"那不勒斯,拉古萨,威尼斯",玛瑙,玻璃工艺品,2.0,825.0,22400.0,非洲西部,西非,欧洲东部,意大利
11567.5,莫桑比克,"波尔图,里斯本",祖母绿,蓝花瓷片,2.0,13475.0,9660.0,印度洋,东非,欧洲西部,伊比利亚
11567.5,桑给巴尔,"波尔图,里斯本",祖母绿,蓝花瓷片,2.0,13475.0,9660.0,印度洋,东非,欧洲西部,伊比利亚
11557.5,吉达,"圣乔治,阿比让,阿尔金",乳香,黄金,2.0,2865.0,20250.0,印度洋,阿拉伯,非洲西部,西非
11557.5,圣乔治,"亚丁,吉达,索科特拉",黄金,乳香,2.0,20250.0,2865.0,非洲西部,西非,印度洋,阿拉伯
11557.5,阿比让,"亚丁,吉达,索科特拉",黄金,乳香,2.0,20250.0,2865.0,非洲西部,西非,印度洋,阿拉伯
11557.5,亚丁,"圣乔治,阿比让,阿尔金",乳香,黄金,2.0,2865.0,20250.0,印度洋,阿拉伯,非洲西部,西非
11557.5,阿尔金,"亚丁,吉达,索科特拉",黄金,乳香,2.0,20250.0,2865.0,非洲西部,西非,印度洋,阿拉伯
11557.5,索科特拉,"圣乔治,阿比让,阿尔金",乳香,黄金,2.0,2865.0,20250.0,印度洋,阿拉伯,非洲西部,西非
11425.0,罗安达,"那不勒斯,拉古萨,威尼斯",木雕,玻璃工艺品,2.0,450.0,22400.0,非洲西部,西非,欧洲东部,意大利
11400.0,亚历山大,汉堡,胡椒,甲胄,2.0,13200.0,9600.0,欧洲东部,北非,欧洲北部,德国
11400.0,汉堡,亚历山大,甲胄,胡椒,2.0,9600.0,13200.0,欧洲北部,德国,欧洲东部,北非
11295.0,马斯喀特,"圣乔治,阿比让,阿尔金",藏红花,黄金,2.0,2340.0,20250.0,印度洋,波斯,非洲西部,西非
11255.0,圣多美,突尼斯,祖母绿,贝紫,2.0,17710.0,4800.0,非洲西部,西非,欧洲东部,北非
11255.0,突尼斯,圣多美,贝紫,祖母绿,2.0,4800.0,17710.0,欧洲东部,北非,非洲西部,西非
11172.5,马辰,"堺,长崎",肉豆蔻,漆器,2.0,8870.0,13475.0,东南亚,东南亚,东亚,日本
11172.5,帝利,"堺,长崎",肉豆蔻,漆器,2.0,8870.0,13475.0,东南亚,东南亚,东亚,日本
11172.5,安汶,"堺,长崎",肉豆蔻,漆器,2.0,8870.0,13475.0,东南亚,东南亚,东亚,日本
11105.0,亚历山大,圣多美,埃及香精,祖母绿,2.0,4500.0,17710.0,欧洲东部,北非,非洲西部,西非
11105.0,开罗,圣多美,埃及香精,祖母绿,2.0,4500.0,17710.0,欧洲东部,北非,非洲西部,西非
11055.0,圣安东尼奥,圣多美,马黛茶,祖母绿,2.0,4400.0,17710.0,南美洲,中南美,非洲西部,西非
11055.0,布宜诺斯艾利斯,圣多美,马黛茶,祖母绿,2.0,4400.0,17710.0,南美洲,中南美,非洲西部,西非
11055.0,巴伊亚,圣多美,马黛茶,祖母绿,2.0,4400.0,17710.0,南美洲,中南美,非洲西部,西非
11055.0,伯南布哥,圣多美,可可,祖母绿,2.0,4400.0,17710.0,南美洲,中南美,非洲西部,西非
10987.5,休达,汉堡,沙漠玫瑰,甲胄,2.0,12375.0,9600.0,欧洲西部,北非,欧洲北部,德国
10987.5,突尼斯,汉堡,沙漠玫瑰,甲胄,2.0,12375.0,9600.0,欧洲东部,北非,欧洲北部,德国
10987.5,阿尔及尔,汉堡,沙漠玫瑰,甲胄,2.0,12375.0,9600.0,欧洲东部,北非,欧洲北部,德国
10980.0,塞拉利昂,突尼斯,钻石,贝紫,2.0,17160.0,4800.0,非洲西部,西非,欧洲东部,北非
10980.0,开普敦,突尼斯,钻石,贝紫,2.0,17160.0,4800.0,非洲西部,西非,欧洲东部,北非
10980.0,本格拉,突尼斯,钻石,贝紫,2.0,17160.0,4800.0,非洲西部,西非,欧洲东部,北非
10825.0,苏伊士,"圣乔治,阿比让,阿尔金",绿松石,黄金,2.0,1400.0,20250.0,印度洋,阿拉伯,非洲西部,西非
10675.0,基尔瓦,勃固,犀角,翡翠,2.0,12600.0,8750.0,印度洋,东非,东南亚,中南半岛
10675.0,莫桑比克,勃固,犀角,翡翠,2.0,12600.0,8750.0,印度洋,东非,东南亚,中南半岛
10675.0,索法拉,勃固,犀角,翡翠,2.0,12600.0,8750.0,印度洋,东非,东南亚,中南半岛
10675.0,摩加迪沙,勃固,犀角,翡翠,2.0,12600.0,8750.0,印度洋,东非,东南亚,中南半岛
10675.0,勃固,"基尔瓦,莫桑比克,索法拉,摩加迪沙",翡翠,犀角,2.0,8750.0,12600.0,东南亚,中南半岛,印度洋,东非
10655.0,卡萨布兰卡,圣多美,阿甘油,祖母绿,2.0,3600.0,17710.0,欧洲西部,北非,非洲西部,西非
10655.0,阿尔及尔,圣多美,阿甘油,祖母绿,2.0,3600.0,17710.0,欧洲东部,北非,非洲西部,西非
10642.5,开普敦,"霍尔木兹,巴士拉",钻石,青金石,2.0,9360.0,11925.0,非洲西部,西非,印度洋,波斯
10642.5,塞拉利昂,"霍尔木兹,巴士拉",钻石,青金石,2.0,9360.0,11925.0,非洲西部,西非,印度洋,波斯
10642.5,本格拉,"霍尔木兹,巴士拉",钻石,青金石,2.0,9360.0,11925.0,非洲西部,西非,印度洋,波斯
10560.0,马辰,杭州,肉豆蔻,青花瓷,2.0,8870.0,12250.0,东南亚,东南亚,东亚,大明
10560.0,安汶,杭州,肉豆蔻,青花瓷,2.0,8870.0,12250.0,东南亚,东南亚,东亚,大明
10560.0,帝利,杭州,肉豆蔻,青花瓷,2.0,8870.0,12250.0,东南亚,东南亚,东亚,大明
10542.5,休达,圣多美,沙漠玫瑰,祖母绿,2.0,3375.0,17710.0,欧洲西部,北非,非洲西部,西非
10500.0,马萨瓦,"圣乔治,阿比让,阿尔金",明矾,黄金,2.0,750.0,20250.0,印度洋,阿拉伯,非洲西部,西非
10400.0,巴士拉,"塔马塔夫,索法拉",青金石,黄金,2.0,6625.0,14175.0,印度洋,波斯,印度洋,东非
10400.0,威尼斯,突尼斯,天鹅绒,贝紫,2.0,9600.0,11200.0,欧洲东部,意大利,欧洲东部,北非
10400.0,索法拉,"霍尔木兹,巴士拉",黄金,青金石,2.0,14175.0,6625.0,印度洋,东非,印度洋,波斯
10400.0,热那亚,突尼斯,天鹅绒,贝紫,2.0,9600.0,11200.0,欧洲东部,意大利,欧洲东部,北非
10400.0,塔马塔夫,"霍尔木兹,巴士拉",黄金,青金石,2.0,14175.0,6625.0,印度洋,东非,印度洋,波斯
10400.0,霍尔木兹,"塔马塔夫,索法拉",青金石,黄金,2.0,6625.0,14175.0,印度洋,波斯,印度洋,东非
10400.0,比萨,突尼斯,天鹅绒,贝紫,2.0,9600.0,11200.0,欧洲东部,意大利,欧洲东部,北非
10400.0,突尼斯,"威尼斯,比萨,热那亚",贝紫,天鹅绒,2.0,11200.0,9600.0,欧洲东部,北非,欧洲东部,意大利
10350.0,卡利卡特,"塔马塔夫,索法拉",红宝石,黄金,2.0,6525.0,14175.0,印度洋,印度,印度洋,东非
10350.0,塔马塔夫,"锡兰,卡利卡特",黄金,红宝石,2.0,14175.0,6525.0,印度洋,东非,印度洋,印度
10350.0,索法拉,"锡兰,卡利卡特",黄金,红宝石,2.0,14175.0,6525.0,印度洋,东非,印度洋,印度
10350.0,锡兰,"塔马塔夫,索法拉",红宝石,黄金,2.0,6525.0,14175.0,印度洋,印度,印度洋,东非
10337.5,塔马塔夫,勃固,黄金,翡翠,2.0,11925.0,8750.0,印度洋,东非,东南亚,中南半岛
10237.5,索法拉,"雅加达,文莱,达沃",祖母绿,沉香,2.0,11550.0,8925.0,印度洋,东非,东南亚,东南亚
10237.5,莫桑比克,"雅加达,文莱,达沃",祖母绿,沉香,2.0,11550.0,8925.0,印度洋,东非,东南亚,东南亚
10237.5,桑给巴尔,"雅加达,文莱,达沃",祖母绿,沉香,2.0,11550.0,8925.0,印度洋,东非,东南亚,东南亚
10237.5,达沃,"桑给巴尔,莫桑比克,索法拉",沉香,祖母绿,2.0,8925.0,11550.0,东南亚,东南亚,印度洋,东非
10237.5,科钦,"塔马塔夫,索法拉",胡椒,黄金,2.0,6300.0,14175.0,印度洋,印度,印度洋,东非
10237.5,雅加达,"桑给巴尔,莫桑比克,索法拉",沉香,祖母绿,2.0,8925.0,11550.0,东南亚,东南亚,印度洋,东非
10237.5,文莱,"桑给巴尔,莫桑比克,索法拉",沉香,祖母绿,2.0,8925.0,11550.0,东南亚,东南亚,印度洋,东非
10210.0,马辰,"桑给巴尔,莫桑比克,索法拉",肉豆蔻,祖母绿,2.0,8870.0,11550.0,东南亚,东南亚,印度洋,东非
10210.0,安汶,"桑给巴尔,莫桑比克,索法拉",肉豆蔻,祖母绿,2.0,8870.0,11550.0,东南亚,东南亚,印度洋,东非
10210.0,帝利,"桑给巴尔,莫桑比克,索法拉",肉豆蔻,祖母绿,2.0,8870.0,11550.0,东南亚,东南亚,印度洋,东非
10150.0,桑给巴尔,勃固,祖母绿,翡翠,2.0,11550.0,8750.0,印度洋,东非,东南亚,中南半岛
10110.0,嘉定,那霸,蓝宝石,珊瑚,2.0,19320.0,900.0,东南亚,中南半岛,东亚,东亚
10050.0,比萨,贝鲁特,天鹅绒,大马士革刀,2.0,9600.0,10500.0,欧洲东部,意大利,欧洲东部,土耳其
10050.0,贝鲁特,"威尼斯,比萨,热那亚",大马士革刀,天鹅绒,2.0,10500.0,9600.0,欧洲东部,土耳其,欧洲东部,意大利
10050.0,威尼斯,贝鲁特,天鹅绒,大马士革刀,2.0,9600.0,10500.0,欧洲东部,意大利,欧洲东部,土耳其
10050.0,热那亚,贝鲁特,天鹅绒,大马士革刀,2.0,9600.0,10500.0,欧洲东部,意大利,欧洲东部,土耳其
9900.0,亚历山大,马赛,胡椒,天鹅绒,2.0,10200.0,9600.0,欧洲东部,北非,欧洲东部,法国
9900.0,马赛,亚历山大,天鹅绒,胡椒,2.0,9600.0,10200.0,欧洲东部,法国,欧洲东部,北非
9800.0,那不勒斯,突尼斯,玻璃工艺品,贝紫,2.0,8400.0,11200.0,欧洲东部,意大利,欧洲东部,北非
9800.0,拉古萨,突尼斯,玻璃工艺品,贝紫,2.0,8400.0,11200.0,欧洲东部,意大利,欧洲东部,北非
9792.5,班加西,圣多美,陶器,祖母绿,2.0,1875.0,17710.0,欧洲东部,北非,非洲西部,西非
9785.0,瓦尔帕莱索,圣多美,玛卡,祖母绿,2.0,1860.0,17710.0,南美洲,中南美,非洲西部,西非
9782.5,果阿,"塔马塔夫,索法拉",肉桂,黄金,2.0,5390.0,14175.0,印度洋,印度,印度洋,东非
9750.0,雅典,汉堡,大理石像,甲胄,2.0,9900.0,9600.0,欧洲东部,巴尔干,欧洲北部,德国
9750.0,汉堡,"雅典,萨洛尼卡",甲胄,大理石像,2.0,9600.0,9900.0,欧洲北部,德国,欧洲东部,巴尔干
9750.0,萨洛尼卡,汉堡,大理石像,甲胄,2.0,9900.0,9600.0,欧洲东部,巴尔干,欧洲北部,德国
9750.0,贝宁,贝鲁特,象牙,大马士革刀,2.0,9000.0,10500.0,非洲西部,西非,欧洲东部,土耳其
9600.0,卡萨布兰卡,"威尼斯,比萨,热那亚",阿甘油,天鹅绒,2.0,9600.0,9600.0,欧洲西部,北非,欧洲东部,意大利
9600.0,突尼斯,马赛,贝紫,天鹅绒,2.0,9600.0,9600.0,欧洲东部,北非,欧洲东部,法国
9600.0,阿尔及尔,马赛,阿甘油,天鹅绒,2.0,9600.0,9600.0,欧洲东部,北非,欧洲东部,法国
9600.0,阿尔及尔,"威尼斯,比萨,热那亚",阿甘油,天鹅绒,2.0,9600.0,9600.0,欧洲东部,北非,欧洲东部,意大利
9600.0,卡萨布兰卡,马赛,阿甘油,天鹅绒,2.0,9600.0,9600.0,欧洲西部,北非,欧洲东部,法国
9587.5,本地治里,"塔马塔夫,索法拉",乌兹钢,黄金,2.0,5000.0,14175.0,印度洋,印度,印度洋,东非
9587.5,马德拉斯,"塔马塔夫,索法拉",乌兹钢,黄金,2.0,5000.0,14175.0,印度洋,印度,印度洋,东非
9562.5,洛布里,"基尔瓦,莫桑比克,索法拉,摩加迪沙",红宝石,犀角,2.0,6525.0,12600.0,东南亚,中南半岛,印度洋,东非
9525.0,圣乔治,科皮亚波,象牙,烟草,2.0,7500.0,11550.0,非洲西部,西非,南美洲,中南美
9525.0,贝宁,科皮亚波,象牙,烟草,2.0,7500.0,11550.0,非洲西部,西非,南美洲,中南美
9525.0,阿比让,科皮亚波,象牙,烟草,2.0,7500.0,11550.0,非洲西部,西非,南美洲,中南美
9487.5,特尔纳特,"堺,长崎",丁香,漆器,2.0,5500.0,13475.0,东南亚,东南亚,东亚,日本
9487.5,泗水,"堺,长崎",丁香,漆器,2.0,5500.0,13475.0,东南亚,东南亚,东亚,日本
9450.0,那不勒斯,贝鲁特,玻璃工艺品,大马士革刀,2.0,8400.0,10500.0,欧洲东部,意大利,欧洲东部,土耳其
9450.0,拉古萨,贝鲁特,玻璃工艺品,大马士革刀,2.0,8400.0,10500.0,欧洲东部,意大利,欧洲东部,土耳其
9362.5,摩加迪沙,"雅加达,文莱,达沃",犀角,沉香,2.0,9800.0,8925.0,印度洋,东非,东南亚,东南亚
9362.5,基尔瓦,"雅加达,文莱,达沃",犀角,沉香,2.0,9800.0,8925.0,印度洋,东非,东南亚,东南亚
9312.5,巴士拉,"雅加达,文莱,达沃",青金石,沉香,2.0,7950.0,10675.0,印度洋,波斯,东南亚,东南亚
9312.5,达沃,"霍尔木兹,巴士拉",沉香,青金石,2.0,10675.0,7950.0,东南亚,东南亚,印度洋,波斯
9312.5,雅加达,"霍尔木兹,巴士拉",沉香,青金石,2.0,10675.0,7950.0,东南亚,东南亚,印度洋,波斯
9312.5,文莱,"霍尔木兹,巴士拉",沉香,青金石,2.0,10675.0,7950.0,东南亚,东南亚,印度洋,波斯
9312.5,霍尔木兹,"雅加达,文莱,达沃",青金石,沉香,2.0,7950.0,10675.0,印度洋,波斯,东南亚,东南亚
9300.0,塞维利亚,亚历山大,火器,胡椒,2.0,8400.0,10200.0,欧洲西部,伊比利亚,欧洲东部,北非
9300.0,里斯本,亚历山大,火器,胡椒,2.0,8400.0,10200.0,欧洲西部,伊比利亚,欧洲东部,北非
9300.0,亚历山大,"里斯本,塞维利亚,巴塞罗那",胡椒,火器,2.0,10200.0,8400.0,欧洲东部,北非,欧洲西部,伊比利亚
9300.0,巴塞罗那,亚历山大,火器,胡椒,2.0,8400.0,10200.0,欧洲东部,伊比利亚,欧洲东部,北非
9287.5,达沃,那霸,沉香,珊瑚,2.0,17675.0,900.0,东南亚,东南亚,东亚,东亚
9287.5,雅加达,那霸,沉香,珊瑚,2.0,17675.0,900.0,东南亚,东南亚,东亚,东亚
9287.5,文莱,那霸,沉香,珊瑚,2.0,17675.0,900.0,东南亚,东南亚,东亚,东亚
9267.5,的黎波里,圣多美,玛瑙,祖母绿,2.0,825.0,17710.0,欧洲东部,北非,非洲西部,西非
9205.0,圣多美,"里斯本,塞维利亚,巴塞罗那",祖母绿,火器,2.0,10010.0,8400.0,非洲西部,西非,欧洲西部,伊比利亚
9150.0,阿比让,突尼斯,黄金,贝紫,2.0,13500.0,4800.0,非洲西部,西非,欧洲东部,北非
9150.0,阿尔金,突尼斯,黄金,贝紫,2.0,13500.0,4800.0,非洲西部,西非,欧洲东部,北非
9150.0,圣乔治,突尼斯,黄金,贝紫,2.0,13500.0,4800.0,非洲西部,西非,欧洲东部,北非
9037.5,莫桑比克,"锡兰,卡利卡特",祖母绿,红宝石,2.0,11550.0,6525.0,印度洋,东非,印度洋,印度
9037.5,桑给巴尔,"锡兰,卡利卡特",祖母绿,红宝石,2.0,11550.0,6525.0,印度洋,东非,印度洋,印度
9030.0,基尔瓦,"波尔图,里斯本",犀角,蓝花瓷片,2.0,8400.0,9660.0,印度洋,东非,欧洲西部,伊比利亚
9030.0,摩加迪沙,"波尔图,里斯本",犀角,蓝花瓷片,2.0,8400.0,9660.0,印度洋,东非,欧洲西部,伊比利亚
8925.0,亚历山大,"威尼斯,比萨,热那亚",埃及香精,天鹅绒,2.0,8250.0,9600.0,欧洲东部,北非,欧洲东部,意大利
8925.0,开罗,"威尼斯,比萨,热那亚",埃及香精,天鹅绒,2.0,8250.0,9600.0,欧洲东部,北非,欧洲东部,意大利
8925.0,开罗,汉堡,埃及香精,甲胄,2.0,8250.0,9600.0,欧洲东部,北非,欧洲北部,德国
8925.0,开罗,马赛,埃及香精,天鹅绒,2.0,8250.0,9600.0,欧洲东部,北非,欧洲东部,法国
8910.0,圣乔治,塔马塔夫,黄金,蓝宝石,2.0,9000.0,8820.0,非洲西部,西非,印度洋,东非
8910.0,阿尔金,塔马塔夫,黄金,蓝宝石,2.0,9000.0,8820.0,非洲西部,西非,印度洋,东非
8910.0,塔马塔夫,"圣乔治,阿比让,阿尔金",蓝宝石,黄金,2.0,8820.0,9000.0,印度洋,东非,非洲西部,西非
8910.0,阿比让,塔马塔夫,黄金,蓝宝石,2.0,9000.0,8820.0,非洲西部,西非,印度洋,东非
8875.0,泗水,杭州,丁香,青花瓷,2.0,5500.0,12250.0,东南亚,东南亚,东亚,大明
8875.0,特尔纳特,杭州,丁香,青花瓷,2.0,5500.0,12250.0,东南亚,东南亚,东亚,大明
8830.0,蒙巴萨,"波尔图,里斯本",咖啡,蓝花瓷片,2.0,8000.0,9660.0,印度洋,东非,欧洲西部,伊比利亚
8800.0,里斯本,贝鲁特,火器,大马士革刀,2.0,5600.0,12000.0,欧洲西部,伊比利亚,欧洲东部,土耳其
8800.0,贝鲁特,"里斯本,塞维利亚,巴塞罗那",大马士革刀,火器,2.0,12000.0,5600.0,欧洲东部,土耳其,欧洲西部,伊比利亚
8800.0,巴塞罗那,贝鲁特,火器,大马士革刀,2.0,5600.0,12000.0,欧洲东部,伊比利亚,欧洲东部,土耳其
8800.0,塞维利亚,贝鲁特,火器,大马士革刀,2.0,5600.0,12000.0,欧洲西部,伊比利亚,欧洲东部,土耳其
8712.5,突尼斯,"格罗宁根,阿姆斯特丹",贝紫,玻璃球,2.0,14400.0,3025.0,欧洲东部,北非,欧洲北部,荷兰
8712.5,格罗宁根,突尼斯,玻璃球,贝紫,2.0,3025.0,14400.0,欧洲北部,荷兰,欧洲东部,北非
8712.5,阿姆斯特丹,突尼斯,玻璃球,贝紫,2.0,3025.0,14400.0,欧洲北部,荷兰,欧洲东部,北非
8662.5,圣多明各,"利马,兰巴耶克,通贝斯",烟草,印加玫瑰,2.0,4200.0,13125.0,加勒比,加勒比,南美洲,南美西岸
8662.5,圣地亚哥,"利马,兰巴耶克,通贝斯",烟草,印加玫瑰,2.0,4200.0,13125.0,加勒比,加勒比,南美洲,南美西岸
8662.5,兰巴耶克,"哈瓦那,圣地亚哥,圣多明各",印加玫瑰,烟草,2.0,13125.0,4200.0,南美洲,南美西岸,加勒比,加勒比
8662.5,利马,"哈瓦那,圣地亚哥,圣多明各",印加玫瑰,烟草,2.0,13125.0,4200.0,南美洲,南美西岸,加勒比,加勒比
8662.5,哈瓦那,"利马,兰巴耶克,通贝斯",烟草,印加玫瑰,2.0,4200.0,13125.0,加勒比,加勒比,南美洲,南美西岸
8662.5,通贝斯,"哈瓦那,圣地亚哥,圣多明各",印加玫瑰,烟草,2.0,13125.0,4200.0,南美洲,南美西岸,加勒比,加勒比
8600.0,文莱,"锡兰,卡利卡特",沉香,红宝石,2.0,10675.0,6525.0,东南亚,东南亚,印度洋,印度
8600.0,达沃,"锡兰,卡利卡特",沉香,红宝石,2.0,10675.0,6525.0,东南亚,东南亚,印度洋,印度
8600.0,锡兰,"雅加达,文莱,达沃",红宝石,沉香,2.0,6525.0,10675.0,印度洋,印度,东南亚,东南亚
8600.0,克里特,汉堡,古代美术品,甲胄,2.0,7600.0,9600.0,欧洲东部,巴尔干,欧洲北部,德国
8600.0,卡利卡特,"雅加达,文莱,达沃",红宝石,沉香,2.0,6525.0,10675.0,印度洋,印度,东南亚,东南亚
8600.0,雅加达,"锡兰,卡利卡特",沉香,红宝石,2.0,10675.0,6525.0,东南亚,东南亚,印度洋,印度
8575.0,巨港,"桑给巴尔,莫桑比克,索法拉",翡翠,祖母绿,2.0,5600.0,11550.0,东南亚,东南亚,印度洋,东非
8525.0,泗水,"桑给巴尔,莫桑比克,索法拉",丁香,祖母绿,2.0,5500.0,11550.0,东南亚,东南亚,印度洋,东非
8525.0,特尔纳特,"桑给巴尔,莫桑比克,索法拉",丁香,祖母绿,2.0,5500.0,11550.0,东南亚,东南亚,印度洋,东非
8475.0,加尔各答,"塔马塔夫,索法拉",印度印花布,黄金,2.0,2775.0,14175.0,印度洋,印度,印度洋,东非
8475.0,第乌,"塔马塔夫,索法拉",印度印花布,黄金,2.0,2775.0,14175.0,印度洋,印度,印度洋,东非
8475.0,马苏利帕特南,"塔马塔夫,索法拉",印度印花布,黄金,2.0,2775.0,14175.0,印度洋,印度,印度洋,东非
8410.0,安汶,"霍尔木兹,巴士拉",肉豆蔻,青金石,2.0,8870.0,7950.0,东南亚,东南亚,印度洋,波斯
8410.0,帝利,"霍尔木兹,巴士拉",肉豆蔻,青金石,2.0,8870.0,7950.0,东南亚,东南亚,印度洋,波斯
8410.0,马辰,"霍尔木兹,巴士拉",肉豆蔻,青金石,2.0,8870.0,7950.0,东南亚,东南亚,印度洋,波斯
8325.0,开罗,"里斯本,塞维利亚,巴塞罗那",埃及香精,火器,2.0,8250.0,8400.0,欧洲东部,北非,欧洲西部,伊比利亚
8312.5,梅里达,"利马,兰巴耶克,通贝斯",翡翠,印加玫瑰,2.0,3500.0,13125.0,加勒比,加勒比,南美洲,南美西岸
8257.5,马斯喀特,"塔马塔夫,索法拉",藏红花,黄金,2.0,2340.0,14175.0,印度洋,波斯,印度洋,东非
8250.0,牙买加,"利马,兰巴耶克,通贝斯",黄金,印加玫瑰,2.0,3375.0,13125.0,加勒比,加勒比,南美洲,南美西岸
8250.0,韦拉克鲁斯,"利马,兰巴耶克,通贝斯",黄金,印加玫瑰,2.0,3375.0,13125.0,加勒比,加勒比,南美洲,南美西岸
8250.0,马拉开波,"利马,兰巴耶克,通贝斯",黄金,印加玫瑰,2.0,3375.0,13125.0,加勒比,加勒比,南美洲,南美西岸
8242.5,罗安达,科皮亚波,乌木,烟草,2.0,4935.0,11550.0,非洲西部,西非,南美洲,中南美
8212.5,贝宁,"霍尔木兹,巴士拉",象牙,青金石,2.0,4500.0,11925.0,非洲西部,西非,印度洋,波斯
8205.0,波尔图,贝鲁特,蓝花瓷片,大马士革刀,2.0,4410.0,12000.0,欧洲西部,伊比利亚,欧洲东部,土耳其
8200.0,突尼斯,"里斯本,塞维利亚,巴塞罗那",贝紫,火器,2.0,8000.0,8400.0,欧洲东部,北非,欧洲西部,伊比利亚
8200.0,安特卫普,突尼斯,珠宝首饰,贝紫,2.0,2000.0,14400.0,欧洲北部,荷兰,欧洲东部,北非
8200.0,汉堡,"里斯本,塞维利亚,巴塞罗那",甲胄,火器,2.0,8000.0,8400.0,欧洲北部,德国,欧洲西部,伊比利亚
8200.0,巴塞罗那,汉堡,火器,甲胄,2.0,8400.0,8000.0,欧洲东部,伊比利亚,欧洲北部,德国
8200.0,里斯本,汉堡,火器,甲胄,2.0,8400.0,8000.0,欧洲西部,伊比利亚,欧洲北部,德国
8200.0,塞维利亚,汉堡,火器,甲胄,2.0,8400.0,8000.0,欧洲西部,伊比利亚,欧洲北部,德国
8175.0,休达,马赛,沙漠玫瑰,天鹅绒,2.0,6750.0,9600.0,欧洲西部,北非,欧洲东部,法国
8175.0,休达,"威尼斯,比萨,热那亚",沙漠玫瑰,天鹅绒,2.0,6750.0,9600.0,欧洲西部,北非,欧洲东部,意大利
8175.0,塔马塔夫,"雅加达,文莱,达沃",黄金,沉香,2.0,7425.0,8925.0,印度洋,东非,东南亚,东南亚
8160.0,法马古斯塔,汉堡,贝紫,甲胄,2.0,6720.0,9600.0,欧洲东部,巴尔干,欧洲北部,德国
8140.0,锡拉库萨,汉堡,大理石像,甲胄,2.0,8280.0,8000.0,欧洲东部,意大利,欧洲北部,德国
8140.0,汉堡,锡拉库萨,甲胄,大理石像,2.0,8000.0,8280.0,欧洲北部,德国,欧洲东部,意大利
8112.5,伊斯坦布尔,"威尼斯,比萨,热那亚",蓝眼睛,天鹅绒,2.0,6625.0,9600.0,欧洲东部,土耳其,欧洲东部,意大利
8112.5,亚历山大,"格罗宁根,阿姆斯特丹",胡椒,玻璃球,2.0,13200.0,3025.0,欧洲东部,北非,欧洲北部,荷兰
8100.0,爱丁堡,亚历山大,英格兰花呢,胡椒,2.0,3000.0,13200.0,欧洲北部,不列颠,欧洲东部,北非
8100.0,伦敦,亚历山大,英格兰花呢,胡椒,2.0,3000.0,13200.0,欧洲北部,不列颠,欧洲东部,北非
8100.0,亚历山大,"爱丁堡,都柏林,伦敦",胡椒,英格兰花呢,2.0,13200.0,3000.0,欧洲东部,北非,欧洲北部,不列颠
8100.0,卡萨布兰卡,"里斯本,塞维利亚,巴塞罗那",阿甘油,火器,2.0,7800.0,8400.0,欧洲西部,北非,欧洲西部,伊比利亚
8100.0,阿尔及尔,"里斯本,塞维利亚,巴塞罗那",阿甘油,火器,2.0,7800.0,8400.0,欧洲东部,北非,欧洲西部,伊比利亚
8100.0,卡萨布兰卡,汉堡,阿甘油,甲胄,2.0,6600.0,9600.0,欧洲西部,北非,欧洲北部,德国
8100.0,都柏林,亚历山大,英格兰花呢,胡椒,2.0,3000.0,13200.0,欧洲北部,不列颠,欧洲东部,北非
8057.5,吉达,"塔马塔夫,索法拉",乳香,黄金,2.0,1940.0,14175.0,印度洋,阿拉伯,印度洋,东非
8057.5,索法拉,"亚丁,吉达,索科特拉",黄金,乳香,2.0,14175.0,1940.0,印度洋,东非,印度洋,阿拉伯
8057.5,亚丁,"塔马塔夫,索法拉",乳香,黄金,2.0,1940.0,14175.0,印度洋,阿拉伯,印度洋,东非
8057.5,塔马塔夫,"亚丁,吉达,索科特拉",黄金,乳香,2.0,14175.0,1940.0,印度洋,东非,印度洋,阿拉伯
8057.5,索科特拉,"塔马塔夫,索法拉",乳香,黄金,2.0,1940.0,14175.0,印度洋,阿拉伯,印度洋,东非
8025.0,阿尔金,科皮亚波,黄金,烟草,2.0,4500.0,11550.0,非洲西部,西非,南美洲,中南美
8000.0,威尼斯,汉堡,天鹅绒,甲胄,2.0,8000.0,8000.0,欧洲东部,意大利,欧洲北部,德国
8000.0,热那亚,汉堡,天鹅绒,甲胄,2.0,8000.0,8000.0,欧洲东部,意大利,欧洲北部,德国
8000.0,比萨,汉堡,天鹅绒,甲胄,2.0,8000.0,8000.0,欧洲东部,意大利,欧洲北部,德国
7952.5,瓦伦西亚,贝鲁特,迷迭香,大马士革刀,2.0,3905.0,12000.0,欧洲西部,伊比利亚,欧洲东部,土耳其
7952.5,马拉加,贝鲁特,迷迭香,大马士革刀,2.0,3905.0,12000.0,欧洲西部,伊比利亚,欧洲东部,土耳其
7952.5,帕尔马,贝鲁特,迷迭香,大马士革刀,2.0,3905.0,12000.0,欧洲东部,伊比利亚,欧洲东部,土耳其
7905.0,罗安达,马赛,乌木,天鹅绒,2.0,1410.0,14400.0,非洲西部,西非,欧洲东部,法国
7837.5,本地治里,"雅加达,文莱,达沃",乌兹钢,沉香,2.0,5000.0,10675.0,印度洋,印度,东南亚,东南亚
7837.5,马德拉斯,"雅加达,文莱,达沃",乌兹钢,沉香,2.0,5000.0,10675.0,印度洋,印度,东南亚,东南亚
7820.0,帝利,"釜山,汉阳",肉豆蔻,白瓷,2.0,8870.0,6770.0,东南亚,东南亚,东亚,朝鲜
7820.0,马辰,"釜山,汉阳",肉豆蔻,白瓷,2.0,8870.0,6770.0,东南亚,东南亚,东亚,朝鲜
7820.0,安汶,"釜山,汉阳",肉豆蔻,白瓷,2.0,8870.0,6770.0,东南亚,东南亚,东亚,朝鲜
7815.0,斯德哥尔摩,锡拉库萨,琥珀,大理石像,2.0,7350.0,8280.0,欧洲北部,北欧,欧洲东部,意大利
7815.0,维斯比,锡拉库萨,琥珀,大理石像,2.0,7350.0,8280.0,欧洲北部,北欧,欧洲东部,意大利
7815.0,锡拉库萨,"斯德哥尔摩,但泽,维斯比",大理石像,琥珀,2.0,8280.0,7350.0,欧洲东部,意大利,欧洲北部,北欧
7815.0,但泽,锡拉库萨,琥珀,大理石像,2.0,7350.0,8280.0,欧洲北部,北欧,欧洲东部,意大利
7812.5,亚齐,"堺,长崎",姜黄,漆器,2.0,2150.0,13475.0,东南亚,东南亚,东亚,日本
7787.5,苏伊士,"塔马塔夫,索法拉",绿松石,黄金,2.0,1400.0,14175.0,印度洋,阿拉伯,印度洋,东非
7780.0,波尔图,汉堡,蓝花瓷片,甲胄,2.0,7560.0,8000.0,欧洲西部,伊比利亚,欧洲北部,德国
7700.0,休达,"格罗宁根,阿姆斯特丹",沙漠玫瑰,玻璃球,2.0,12375.0,3025.0,欧洲西部,北非,欧洲北部,荷兰
7700.0,阿尔及尔,"格罗宁根,阿姆斯特丹",沙漠玫瑰,玻璃球,2.0,12375.0,3025.0,欧洲东部,北非,欧洲北部,荷兰
7687.5,休达,"爱丁堡,都柏林,伦敦",沙漠玫瑰,英格兰花呢,2.0,12375.0,3000.0,欧洲西部,北非,欧洲北部,不列颠
7687.5,突尼斯,"爱丁堡,都柏林,伦敦",沙漠玫瑰,英格兰花呢,2.0,12375.0,3000.0,欧洲东部,北非,欧洲北部,不列颠
7687.5,阿尔及尔,"爱丁堡,都柏林,伦敦",沙漠玫瑰,英格兰花呢,2.0,12375.0,3000.0,欧洲东部,北非,欧洲北部,不列颠
7675.0,比萨,"斯德哥尔摩,但泽,维斯比",天鹅绒,琥珀,2.0,8000.0,7350.0,欧洲东部,意大利,欧洲北部,北欧
7675.0,威尼斯,"斯德哥尔摩,但泽,维斯比",天鹅绒,琥珀,2.0,8000.0,7350.0,欧洲东部,意大利,欧洲北部,北欧
7675.0,热那亚,"斯德哥尔摩,但泽,维斯比",天鹅绒,琥珀,2.0,8000.0,7350.0,欧洲东部,意大利,欧洲北部,北欧
7612.5,佛得角,马赛,玛瑙,天鹅绒,2.0,825.0,14400.0,非洲西部,西非,欧洲东部,法国
7575.0,休达,"里斯本,塞维利亚,巴塞罗那",沙漠玫瑰,火器,2.0,6750.0,8400.0,欧洲西部,北非,欧洲西部,伊比利亚
7560.0,嘉定,"基尔瓦,莫桑比克,索法拉,摩加迪沙",蓝宝石,犀角,2.0,2520.0,12600.0,东南亚,中南半岛,印度洋,东非
7487.5,马六甲,"堺,长崎",金制工艺品,漆器,2.0,1500.0,13475.0,东南亚,东南亚,东亚,日本
7475.0,长崎,杭州,日本刀,青花瓷,2.0,7950.0,7000.0,东亚,日本,东亚,大明
7475.0,杭州,"堺,长崎,江户",青花瓷,日本刀,2.0,7000.0,7950.0,东亚,大明,东亚,日本
7475.0,堺,杭州,日本刀,青花瓷,2.0,7950.0,7000.0,东亚,日本,东亚,大明
7475.0,江户,杭州,日本刀,青花瓷,2.0,7950.0,7000.0,东亚,日本,东亚,大明
7462.5,加拉卡斯,"利马,兰巴耶克,通贝斯",剑麻,印加玫瑰,2.0,1800.0,13125.0,加勒比,加勒比,南美洲,南美西岸
7462.5,基尔瓦,"锡兰,卡利卡特",犀角,红宝石,2.0,8400.0,6525.0,印度洋,东非,印度洋,印度
7462.5,威廉斯塔德,"利马,兰巴耶克,通贝斯",剑麻,印加玫瑰,2.0,1800.0,13125.0,加勒比,加勒比,南美洲,南美西岸
7462.5,马萨瓦,"塔马塔夫,索法拉",明矾,黄金,2.0,750.0,14175.0,印度洋,阿拉伯,印度洋,东非
7462.5,摩加迪沙,"锡兰,卡利卡特",犀角,红宝石,2.0,8400.0,6525.0,印度洋,东非,印度洋,印度
7462.5,大开曼,"利马,兰巴耶克,通贝斯",剑麻,印加玫瑰,2.0,1800.0,13125.0,加勒比,加勒比,南美洲,南美西岸
7427.5,北大年,"堺,长崎",剑麻,漆器,2.0,1380.0,13475.0,东南亚,东南亚,东亚,日本
7400.0,望加锡,"堺,长崎",珍珠,漆器,2.0,1325.0,13475.0,东南亚,东南亚,东亚,日本
7400.0,萨马赖,"堺,长崎",珍珠,漆器,2.0,1325.0,13475.0,东南亚,东南亚,东亚,日本
7387.5,桑给巴尔,"圣乔治,阿比让,阿尔金",祖母绿,黄金,2.0,5775.0,9000.0,印度洋,东非,非洲西部,西非
7387.5,莫桑比克,"圣乔治,阿比让,阿尔金",祖母绿,黄金,2.0,5775.0,9000.0,印度洋,东非,非洲西部,西非
7387.5,索法拉,"圣乔治,阿比让,阿尔金",祖母绿,黄金,2.0,5775.0,9000.0,印度洋,东非,非洲西部,西非
7375.0,漳州,"堺,长崎,江户",青瓷,日本刀,2.0,6800.0,7950.0,东亚,大明,东亚,日本
7350.0,维斯比,"里斯本,塞维利亚,巴塞罗那",琥珀,火器,2.0,6300.0,8400.0,欧洲北部,北欧,欧洲西部,伊比利亚
7350.0,巴塞罗那,"斯德哥尔摩,但泽,维斯比",火器,琥珀,2.0,8400.0,6300.0,欧洲东部,伊比利亚,欧洲北部,北欧
7350.0,贝宁,"雅典,萨洛尼卡,克里特",象牙,古代美术品,2.0,9000.0,5700.0,非洲西部,西非,欧洲东部,巴尔干
7350.0,里斯本,"斯德哥尔摩,但泽,维斯比",火器,琥珀,2.0,8400.0,6300.0,欧洲西部,伊比利亚,欧洲北部,北欧
7350.0,但泽,"里斯本,塞维利亚,巴塞罗那",琥珀,火器,2.0,6300.0,8400.0,欧洲北部,北欧,欧洲西部,伊比利亚
7350.0,塞维利亚,"斯德哥尔摩,但泽,维斯比",火器,琥珀,2.0,8400.0,6300.0,欧洲西部,伊比利亚,欧洲北部,北欧
7350.0,斯德哥尔摩,"里斯本,塞维利亚,巴塞罗那",琥珀,火器,2.0,6300.0,8400.0,欧洲北部,北欧,欧洲西部,伊比利亚
7237.5,马尼拉,"堺,长崎",白银,漆器,2.0,1000.0,13475.0,东南亚,东南亚,东亚,日本
7237.5,洛布里,"霍尔木兹,巴士拉",红宝石,青金石,2.0,6525.0,7950.0,东南亚,中南半岛,印度洋,波斯
7237.5,巴士拉,洛布里,青金石,红宝石,2.0,7950.0,6525.0,印度洋,波斯,东南亚,中南半岛
7237.5,霍尔木兹,洛布里,青金石,红宝石,2.0,7950.0,6525.0,印度洋,波斯,东南亚,中南半岛
7232.5,索科特拉,"雅加达,文莱,达沃",乳香,沉香,2.0,3790.0,10675.0,印度洋,阿拉伯,东南亚,东南亚
7232.5,文莱,"亚丁,吉达,索科特拉",沉香,乳香,2.0,10675.0,3790.0,东南亚,东南亚,印度洋,阿拉伯
7232.5,雅加达,"亚丁,吉达,索科特拉",沉香,乳香,2.0,10675.0,3790.0,东南亚,东南亚,印度洋,阿拉伯
7232.5,达沃,"亚丁,吉达,索科特拉",沉香,乳香,2.0,10675.0,3790.0,东南亚,东南亚,印度洋,阿拉伯
7232.5,吉达,"雅加达,文莱,达沃",乳香,沉香,2.0,3790.0,10675.0,印度洋,阿拉伯,东南亚,东南亚
7232.5,亚丁,"雅加达,文莱,达沃",乳香,沉香,2.0,3790.0,10675.0,印度洋,阿拉伯,东南亚,东南亚
7225.0,圣胡安,"利马,兰巴耶克,通贝斯",珍珠,印加玫瑰,2.0,1325.0,13125.0,加勒比,加勒比,南美洲,南美西岸
7212.5,蒙巴萨,"雅加达,文莱,达沃",咖啡,沉香,2.0,5500.0,8925.0,印度洋,东非,东南亚,东南亚
7200.0,亚齐,杭州,姜黄,青花瓷,2.0,2150.0,12250.0,东南亚,东南亚,东亚,大明
7200.0,马赛,汉堡,天鹅绒,甲胄,2.0,8000.0,6400.0,欧洲东部,法国,欧洲北部,德国
7200.0,洛布里,雅加达,红宝石,黄金,2.0,6525.0,7875.0,东南亚,中南半岛,东南亚,东南亚
7200.0,汉堡,马赛,甲胄,天鹅绒,2.0,6400.0,8000.0,欧洲北部,德国,欧洲东部,法国
7200.0,雅加达,洛布里,黄金,红宝石,2.0,7875.0,6525.0,东南亚,东南亚,东南亚,中南半岛
7187.5,占碑,"堺,长崎",珊瑚,漆器,2.0,900.0,13475.0,东南亚,东南亚,东亚,日本
7187.5,拿骚,"利马,兰巴耶克,通贝斯",玳瑁,印加玫瑰,2.0,1250.0,13125.0,加勒比,加勒比,南美洲,南美西岸
7187.5,古晋,"堺,长崎",黄铜,漆器,2.0,900.0,13475.0,东南亚,东南亚,东亚,日本
7150.0,斯德哥尔摩,马赛,琥珀,天鹅绒,2.0,6300.0,8000.0,欧洲北部,北欧,欧洲东部,法国
7150.0,但泽,马赛,琥珀,天鹅绒,2.0,6300.0,8000.0,欧洲北部,北欧,欧洲东部,法国
7150.0,马赛,"斯德哥尔摩,但泽,维斯比",天鹅绒,琥珀,2.0,8000.0,6300.0,欧洲东部,法国,欧洲北部,北欧
7150.0,维斯比,马赛,琥珀,天鹅绒,2.0,6300.0,8000.0,欧洲北部,北欧,欧洲东部,法国
7125.0,蒙巴萨,勃固,咖啡,翡翠,2.0,5500.0,8750.0,印度洋,东非,东南亚,中南半岛
7117.5,圣多美,"霍尔木兹,巴士拉",祖母绿,青金石,2.0,2310.0,11925.0,非洲西部,西非,印度洋,波斯
7115.0,北大年,杭州,剑麻,青花瓷,2.0,1980.0,12250.0,东南亚,东南亚,东亚,大明
7062.5,特鲁希略,"利马,兰巴耶克,通贝斯",橡木,印加玫瑰,2.0,1000.0,13125.0,加勒比,加勒比,南美洲,南美西岸
7062.5,卡宴,"利马,兰巴耶克,通贝斯",白银,印加玫瑰,2.0,1000.0,13125.0,加勒比,加勒比,南美洲,南美西岸
7062.5,波多贝罗,"利马,兰巴耶克,通贝斯",白银,印加玫瑰,2.0,1000.0,13125.0,加勒比,加勒比,南美洲,南美西岸
7052.5,瓦伦西亚,亚历山大,迷迭香,胡椒,2.0,3905.0,10200.0,欧洲西部,伊比利亚,欧洲东部,北非
7052.5,马拉加,亚历山大,迷迭香,胡椒,2.0,3905.0,10200.0,欧洲西部,伊比利亚,欧洲东部,北非
7052.5,帕尔马,亚历山大,迷迭香,胡椒,2.0,3905.0,10200.0,欧洲东部,伊比利亚,欧洲东部,北非
7050.0,布里斯托,亚历山大,船钉,胡椒,2.0,900.0,13200.0,欧洲北部,不列颠,欧洲东部,北非
7050.0,塞瓦斯托波尔,"威尼斯,比萨,热那亚",土耳其地毯,天鹅绒,2.0,4500.0,9600.0,欧洲东部,土耳其,欧洲东部,意大利
6975.0,克里特,"开罗,亚历山大",古代美术品,埃及香精,2.0,5700.0,8250.0,欧洲东部,巴尔干,欧洲东部,北非
6975.0,亚历山大,"雅典,萨洛尼卡,克里特",埃及香精,古代美术品,2.0,8250.0,5700.0,欧洲东部,北非,欧洲东部,巴尔干
6975.0,雅典,"开罗,亚历山大",古代美术品,埃及香精,2.0,5700.0,8250.0,欧洲东部,巴尔干,欧洲东部,北非
6975.0,普利茅斯,亚历山大,白镴器皿,胡椒,2.0,750.0,13200.0,欧洲北部,不列颠,欧洲东部,北非
6975.0,开罗,"雅典,萨洛尼卡,克里特",埃及香精,古代美术品,2.0,8250.0,5700.0,欧洲东部,北非,欧洲东部,巴尔干
6975.0,萨洛尼卡,"开罗,亚历山大",古代美术品,埃及香精,2.0,5700.0,8250.0,欧洲东部,巴尔干,欧洲东部,北非
6962.5,马萨瓦,"雅加达,文莱,达沃",咖啡,沉香,2.0,3250.0,10675.0,印度洋,阿拉伯,东南亚,东南亚
6950.0,伦敦,"雅典,萨洛尼卡",英格兰花呢,大理石像,2.0,4000.0,9900.0,欧洲北部,不列颠,欧洲东部,巴尔干
6950.0,萨洛尼卡,"爱丁堡,都柏林,伦敦",大理石像,英格兰花呢,2.0,9900.0,4000.0,欧洲东部,巴尔干,欧洲北部,不列颠
6950.0,都柏林,"雅典,萨洛尼卡",英格兰花呢,大理石像,2.0,4000.0,9900.0,欧洲北部,不列颠,欧洲东部,巴尔干
6950.0,雅典,"爱丁堡,都柏林,伦敦",大理石像,英格兰花呢,2.0,9900.0,4000.0,欧洲东部,巴尔干,欧洲北部,不列颠
6950.0,爱丁堡,"雅典,萨洛尼卡",英格兰花呢,大理石像,2.0,4000.0,9900.0,欧洲北部,不列颠,欧洲东部,巴尔干
6930.0,波尔图,"斯德哥尔摩,但泽,维斯比",蓝花瓷片,琥珀,2.0,7560.0,6300.0,欧洲西部,伊比利亚,欧洲北部,北欧
6900.0,贝宁,突尼斯,象牙,贝紫,2.0,9000.0,4800.0,非洲西部,西非,欧洲东部,北非
6875.0,马六甲,杭州,金制工艺品,青花瓷,2.0,1500.0,12250.0,东南亚,东南亚,东亚,大明
6850.0,亚齐,"桑给巴尔,莫桑比克,索法拉",姜黄,祖母绿,2.0,2150.0,11550.0,东南亚,东南亚,印度洋,东非
6825.0,圣安东尼奥,"利马,兰巴耶克,通贝斯",马黛茶,印加玫瑰,2.0,2400.0,11250.0,南美洲,中南美,南美洲,南美西岸
6825.0,利马,"伯南布哥,巴伊亚,圣安东尼奥,布宜诺斯艾利斯",印加玫瑰,可可,2.0,11250.0,2400.0,南美洲,南美西岸,南美洲,中南美
6825.0,布宜诺斯艾利斯,"利马,兰巴耶克,通贝斯",马黛茶,印加玫瑰,2.0,2400.0,11250.0,南美洲,中南美,南美洲,南美西岸
6825.0,伯南布哥,"利马,兰巴耶克,通贝斯",可可,印加玫瑰,2.0,2400.0,11250.0,南美洲,中南美,南美洲,南美西岸
6825.0,巴伊亚,"利马,兰巴耶克,通贝斯",马黛茶,印加玫瑰,2.0,2400.0,11250.0,南美洲,中南美,南美洲,南美西岸
6825.0,通贝斯,"伯南布哥,巴伊亚,圣安东尼奥,布宜诺斯艾利斯",印加玫瑰,可可,2.0,11250.0,2400.0,南美洲,南美西岸,南美洲,中南美
6825.0,兰巴耶克,"伯南布哥,巴伊亚,圣安东尼奥,布宜诺斯艾利斯",印加玫瑰,可可,2.0,11250.0,2400.0,南美洲,南美西岸,南美洲,中南美
6817.5,马斯喀特,"雅加达,文莱,达沃",乳香,沉香,2.0,2960.0,10675.0,印度洋,波斯,东南亚,东南亚
6807.5,科钦,"雅加达,文莱,达沃",肉桂,沉香,2.0,2940.0,10675.0,印度洋,印度,东南亚,东南亚
6807.5,果阿,"雅加达,文莱,达沃",肉桂,沉香,2.0,2940.0,10675.0,印度洋,印度,东南亚,东南亚
6800.0,拉古萨,汉堡,玻璃工艺品,甲胄,2.0,5600.0,8000.0,欧洲东部,意大利,欧洲北部,德国
6800.0,那不勒斯,汉堡,玻璃工艺品,甲胄,2.0,5600.0,8000.0,欧洲东部,意大利,欧洲北部,德国
6800.0,不莱梅,亚历山大,蜂蜜,胡椒,2.0,400.0,13200.0,欧洲北部,德国,欧洲东部,北非
6787.5,萨马赖,杭州,珍珠,青花瓷,2.0,1325.0,12250.0,东南亚,东南亚,东亚,大明
6787.5,望加锡,杭州,珍珠,青花瓷,2.0,1325.0,12250.0,东南亚,东南亚,东亚,大明
6782.5,纳塔尔,勃固,乌木,翡翠,2.0,4815.0,8750.0,印度洋,东非,东南亚,中南半岛
6760.0,法马古斯塔,安特卫普,贝紫,珠宝首饰,2.0,11520.0,2000.0,欧洲东部,巴尔干,欧洲北部,荷兰
6760.0,吕贝克,"里斯本,塞维利亚,巴塞罗那",甲胄,火器,2.0,5120.0,8400.0,欧洲北部,北欧,欧洲西部,伊比利亚
6760.0,安特卫普,法马古斯塔,珠宝首饰,贝紫,2.0,2000.0,11520.0,欧洲北部,荷兰,欧洲东部,巴尔干
6760.0,哥本哈根,"里斯本,塞维利亚,巴塞罗那",甲胄,火器,2.0,5120.0,8400.0,欧洲北部,北欧,欧洲西部,伊比利亚
6750.0,开普敦,塔马塔夫,钻石,蓝宝石,2.0,4680.0,8820.0,非洲西部,西非,印度洋,东非
6750.0,本格拉,塔马塔夫,钻石,蓝宝石,2.0,4680.0,8820.0,非洲西部,西非,印度洋,东非
6750.0,塞拉利昂,塔马塔夫,钻石,蓝宝石,2.0,4680.0,8820.0,非洲西部,西非,印度洋,东非
6725.0,马苏利帕特南,"雅加达,文莱,达沃",印度印花布,沉香,2.0,2775.0,10675.0,印度洋,印度,东南亚,东南亚
6725.0,第乌,"雅加达,文莱,达沃",印度印花布,沉香,2.0,2775.0,10675.0,印度洋,印度,东南亚,东南亚
6725.0,加尔各答,"雅加达,文莱,达沃",印度印花布,沉香,2.0,2775.0,10675.0,印度洋,印度,东南亚,东南亚
6700.0,哥本哈根,锡拉库萨,甲胄,大理石像,2.0,5120.0,8280.0,欧洲北部,北欧,欧洲东部,意大利
6700.0,吕贝克,锡拉库萨,甲胄,大理石像,2.0,5120.0,8280.0,欧洲北部,北欧,欧洲东部,意大利
6675.0,班加西,汉堡,陶器,甲胄,2.0,3750.0,9600.0,欧洲东部,北非,欧洲北部,德国
6662.5,亚速尔,贝鲁特,珍珠,大马士革刀,2.0,1325.0,12000.0,欧洲西部,伊比利亚,欧洲东部,土耳其
6625.0,马尼拉,杭州,白银,青花瓷,2.0,1000.0,12250.0,东南亚,东南亚,东亚,大明
6610.0,比萨,法马古斯塔,蕾丝,贝紫,2.0,4900.0,8320.0,欧洲东部,意大利,欧洲东部,巴尔干
6610.0,那不勒斯,法马古斯塔,蕾丝,贝紫,2.0,4900.0,8320.0,欧洲东部,意大利,欧洲东部,巴尔干
6610.0,法马古斯塔,"那不勒斯,比萨",贝紫,蕾丝,2.0,8320.0,4900.0,欧洲东部,巴尔干,欧洲东部,意大利
6600.0,摩加迪沙,"圣乔治,阿比让,阿尔金",犀角,黄金,2.0,4200.0,9000.0,印度洋,东非,非洲西部,西非
6600.0,基尔瓦,"圣乔治,阿比让,阿尔金",犀角,黄金,2.0,4200.0,9000.0,印度洋,东非,非洲西部,西非
6600.0,勃固,"霍尔木兹,巴士拉",翡翠,青金石,2.0,5250.0,7950.0,东南亚,中南半岛,印度洋,波斯
6575.0,占碑,杭州,珊瑚,青花瓷,2.0,900.0,12250.0,东南亚,东南亚,东亚,大明
6575.0,古晋,杭州,黄铜,青花瓷,2.0,900.0,12250.0,东南亚,东南亚,东亚,大明
6562.5,勃固,雅加达,翡翠,黄金,2.0,5250.0,7875.0,东南亚,中南半岛,东南亚,东南亚
6560.0,威尼斯,法马古斯塔,天鹅绒,贝紫,2.0,4800.0,8320.0,欧洲东部,意大利,欧洲东部,巴尔干
6560.0,热那亚,法马古斯塔,天鹅绒,贝紫,2.0,4800.0,8320.0,欧洲东部,意大利,欧洲东部,巴尔干
6555.0,阿姆斯特丹,法马古斯塔,蕾丝,贝紫,2.0,1590.0,11520.0,欧洲北部,荷兰,欧洲东部,巴尔干
6547.5,格罗宁根,法马古斯塔,金酒,贝紫,2.0,1575.0,11520.0,欧洲北部,荷兰,欧洲东部,巴尔干
6525.0,马六甲,"桑给巴尔,莫桑比克,索法拉",金制工艺品,祖母绿,2.0,1500.0,11550.0,东南亚,东南亚,印度洋,东非
6487.5,马德拉斯,"霍尔木兹,巴士拉",乌兹钢,青金石,2.0,9000.0,3975.0,印度洋,印度,印度洋,波斯
6487.5,巴士拉,"马德拉斯,本地治里",青金石,乌兹钢,2.0,3975.0,9000.0,印度洋,波斯,印度洋,印度
6487.5,本地治里,"霍尔木兹,巴士拉",乌兹钢,青金石,2.0,9000.0,3975.0,印度洋,印度,印度洋,波斯
6487.5,霍尔木兹,"马德拉斯,本地治里",青金石,乌兹钢,2.0,3975.0,9000.0,印度洋,波斯,印度洋,印度
6475.0,拉古萨,"斯德哥尔摩,但泽,维斯比",玻璃工艺品,琥珀,2.0,5600.0,7350.0,欧洲东部,意大利,欧洲北部,北欧
6475.0,那不勒斯,"斯德哥尔摩,但泽,维斯比",玻璃工艺品,琥珀,2.0,5600.0,7350.0,欧洲东部,意大利,欧洲北部,北欧
6450.0,雅典,马赛,大理石像,天鹅绒,2.0,8100.0,4800.0,欧洲东部,巴尔干,欧洲东部,法国
6450.0,马赛,"雅典,萨洛尼卡",天鹅绒,大理石像,2.0,4800.0,8100.0,欧洲东部,法国,欧洲东部,巴尔干
6450.0,萨洛尼卡,马赛,大理石像,天鹅绒,2.0,8100.0,4800.0,欧洲东部,巴尔干,欧洲东部,法国
6450.0,拉斯帕尔马斯,贝鲁特,珊瑚,大马士革刀,2.0,900.0,12000.0,欧洲西部,伊比利亚,欧洲东部,土耳其
6450.0,马德拉,贝鲁特,珊瑚,大马士革刀,2.0,900.0,12000.0,欧洲西部,伊比利亚,欧洲东部,土耳其
6437.5,萨马赖,"桑给巴尔,莫桑比克,索法拉",珍珠,祖母绿,2.0,1325.0,11550.0,东南亚,东南亚,印度洋,东非
6437.5,望加锡,"桑给巴尔,莫桑比克,索法拉",珍珠,祖母绿,2.0,1325.0,11550.0,东南亚,东南亚,印度洋,东非
6435.0,开罗,伊斯坦布尔,埃及香精,火器,2.0,8250.0,4620.0,欧洲东部,北非,欧洲东部,土耳其
6435.0,伊斯坦布尔,"开罗,亚历山大",火器,埃及香精,2.0,4620.0,8250.0,欧洲东部,土耳其,欧洲东部,北非
6435.0,亚历山大,伊斯坦布尔,埃及香精,火器,2.0,8250.0,4620.0,欧洲东部,北非,欧洲东部,土耳其
6375.0,佛得角,"霍尔木兹,巴士拉",玛瑙,青金石,2.0,825.0,11925.0,非洲西部,西非,印度洋,波斯
6330.0,马辰,"亚丁,吉达,索科特拉",肉豆蔻,乳香,2.0,8870.0,3790.0,东南亚,东南亚,印度洋,阿拉伯
6330.0,安汶,"亚丁,吉达,索科特拉",肉豆蔻,乳香,2.0,8870.0,3790.0,东南亚,东南亚,印度洋,阿拉伯
6330.0,帝利,"亚丁,吉达,索科特拉",肉豆蔻,乳香,2.0,8870.0,3790.0,东南亚,东南亚,印度洋,阿拉伯
6312.5,卡萨布兰卡,"格罗宁根,阿姆斯特丹",阿甘油,玻璃球,2.0,9600.0,3025.0,欧洲西部,北非,欧洲北部,荷兰
6275.0,马尼拉,"桑给巴尔,莫桑比克,索法拉",白银,祖母绿,2.0,1000.0,11550.0,东南亚,东南亚,印度洋,东非
6255.0,波尔图,亚历山大,蓝花瓷片,胡椒,2.0,2310.0,10200.0,欧洲西部,伊比利亚,欧洲东部,北非
6225.0,休达,"雅典,萨洛尼卡,克里特",沙漠玫瑰,古代美术品,2.0,6750.0,5700.0,欧洲西部,北非,欧洲东部,巴尔干
6225.0,占碑,"桑给巴尔,莫桑比克,索法拉",珊瑚,祖母绿,2.0,900.0,11550.0,东南亚,东南亚,印度洋,东非
6225.0,古晋,"桑给巴尔,莫桑比克,索法拉",黄铜,祖母绿,2.0,900.0,11550.0,东南亚,东南亚,印度洋,东非
6225.0,阿尔及尔,"雅典,萨洛尼卡,克里特",沙漠玫瑰,古代美术品,2.0,6750.0,5700.0,欧洲东部,北非,欧洲东部,巴尔干
6225.0,突尼斯,"雅典,萨洛尼卡,克里特",沙漠玫瑰,古代美术品,2.0,6750.0,5700.0,欧洲东部,北非,欧洲东部,巴尔干
6225.0,澳门,"堺,长崎,江户",茶叶,日本刀,2.0,4500.0,7950.0,东亚,大明,东亚,日本
6225.0,海州,"堺,长崎,江户",茶叶,日本刀,2.0,4500.0,7950.0,东亚,大明,东亚,日本
6200.0,桑给巴尔,"霍尔木兹,巴士拉",祖母绿,青金石,2.0,5775.0,6625.0,印度洋,东非,印度洋,波斯
6200.0,莫桑比克,"霍尔木兹,巴士拉",祖母绿,青金石,2.0,5775.0,6625.0,印度洋,东非,印度洋,波斯
6187.5,佛得角,科皮亚波,玛瑙,烟草,2.0,825.0,11550.0,非洲西部,西非,南美洲,中南美
6187.5,罗安达,"霍尔木兹,巴士拉",木雕,青金石,2.0,450.0,11925.0,非洲西部,西非,印度洋,波斯
6150.0,卡萨布兰卡,"雅典,萨洛尼卡,克里特",阿甘油,古代美术品,2.0,6600.0,5700.0,欧洲西部,北非,欧洲东部,巴尔干
6150.0,科皮亚波,"利马,兰巴耶克,通贝斯",烟草,印加玫瑰,2.0,1050.0,11250.0,南美洲,中南美,南美洲,南美西岸
6140.0,锡拉库萨,突尼斯,大理石像,贝紫,2.0,1080.0,11200.0,欧洲东部,意大利,欧洲东部,北非
6140.0,都柏林,锡拉库萨,英格兰花呢,大理石像,2.0,4000.0,8280.0,欧洲北部,不列颠,欧洲东部,意大利
6140.0,锡拉库萨,"爱丁堡,都柏林,伦敦",大理石像,英格兰花呢,2.0,8280.0,4000.0,欧洲东部,意大利,欧洲北部,不列颠
6140.0,爱丁堡,锡拉库萨,英格兰花呢,大理石像,2.0,4000.0,8280.0,欧洲北部,不列颠,欧洲东部,意大利
6140.0,伦敦,锡拉库萨,英格兰花呢,大理石像,2.0,4000.0,8280.0,欧洲北部,不列颠,欧洲东部,意大利
6135.0,泗水,"釜山,汉阳",丁香,白瓷,2.0,5500.0,6770.0,东南亚,东南亚,东亚,朝鲜
6135.0,特尔纳特,"釜山,汉阳",丁香,白瓷,2.0,5500.0,6770.0,东南亚,东南亚,东亚,朝鲜
6125.0,吉达,"马德拉斯,本地治里",咖啡,乌兹钢,2.0,3250.0,9000.0,印度洋,阿拉伯,印度洋,印度
6125.0,马萨瓦,"马德拉斯,本地治里",咖啡,乌兹钢,2.0,3250.0,9000.0,印度洋,阿拉伯,印度洋,印度
6125.0,马德拉斯,"吉达,马萨瓦",乌兹钢,咖啡,2.0,9000.0,3250.0,印度洋,印度,印度洋,阿拉伯
6125.0,瓦尔帕莱索,"利马,兰巴耶克,通贝斯",白银,印加玫瑰,2.0,1000.0,11250.0,南美洲,中南美,南美洲,南美西岸
6125.0,本地治里,"吉达,马萨瓦",乌兹钢,咖啡,2.0,9000.0,3250.0,印度洋,印度,印度洋,阿拉伯
6112.5,本格拉,"亚丁,吉达,索科特拉",钻石,乳香,2.0,9360.0,2865.0,非洲西部,西非,印度洋,阿拉伯
6112.5,塞拉利昂,"亚丁,吉达,索科特拉",钻石,乳香,2.0,9360.0,2865.0,非洲西部,西非,印度洋,阿拉伯
6112.5,开普敦,"亚丁,吉达,索科特拉",钻石,乳香,2.0,9360.0,2865.0,非洲西部,西非,印度洋,阿拉伯
6112.5,伊斯坦布尔,"里斯本,塞维利亚,巴塞罗那",蓝眼睛,火器,2.0,6625.0,5600.0,欧洲东部,土耳其,欧洲西部,伊比利亚
6050.0,的里雅斯特,突尼斯,船钉,贝紫,2.0,900.0,11200.0,欧洲东部,意大利,欧洲东部,北非
6050.0,班加西,马赛,陶器,天鹅绒,2.0,2500.0,9600.0,欧洲东部,北非,欧洲东部,法国
6050.0,西西里,突尼斯,黄铜,贝紫,2.0,900.0,11200.0,欧洲东部,意大利,欧洲东部,北非
6050.0,卡利亚里,突尼斯,牛至,贝紫,2.0,900.0,11200.0,欧洲东部,意大利,欧洲东部,北非
6037.5,苏伊士,"雅加达,文莱,达沃",绿松石,沉香,2.0,1400.0,10675.0,印度洋,阿拉伯,东南亚,东南亚
6025.0,北大年,"桑给巴尔,莫桑比克,索法拉",锡矿石,祖母绿,2.0,500.0,11550.0,东南亚,东南亚,印度洋,东非
6012.5,蒙巴萨,"锡兰,卡利卡特",咖啡,红宝石,2.0,5500.0,6525.0,印度洋,东非,印度洋,印度
6000.0,热那亚,"爱丁堡,都柏林,伦敦",天鹅绒,英格兰花呢,2.0,8000.0,4000.0,欧洲东部,意大利,欧洲北部,不列颠
6000.0,比萨,"爱丁堡,都柏林,伦敦",天鹅绒,英格兰花呢,2.0,8000.0,4000.0,欧洲东部,意大利,欧洲北部,不列颠
6000.0,蒙巴萨,"圣乔治,阿比让,阿尔金",咖啡,黄金,2.0,3000.0,9000.0,印度洋,东非,非洲西部,西非
6000.0,威尼斯,"爱丁堡,都柏林,伦敦",天鹅绒,英格兰花呢,2.0,8000.0,4000.0,欧洲东部,意大利,欧洲北部,不列颠
5950.0,萨洛尼卡,安特卫普,大理石像,珠宝首饰,2.0,9900.0,2000.0,欧洲东部,巴尔干,欧洲北部,荷兰
5950.0,雅典,安特卫普,大理石像,珠宝首饰,2.0,9900.0,2000.0,欧洲东部,巴尔干,欧洲北部,荷兰
5932.5,亚丁,"马德拉斯,本地治里",乳香,乌兹钢,2.0,2865.0,9000.0,印度洋,阿拉伯,印度洋,印度
5932.5,索科特拉,"马德拉斯,本地治里",乳香,乌兹钢,2.0,2865.0,9000.0,印度洋,阿拉伯,印度洋,印度
5925.0,卡利亚里,贝鲁特,牛至,大马士革刀,2.0,1350.0,10500.0,欧洲东部,意大利,欧洲东部,土耳其
5925.0,锡拉库萨,贝鲁特,牛至,大马士革刀,2.0,1350.0,10500.0,欧洲东部,意大利,欧洲东部,土耳其
5925.0,西西里,贝鲁特,牛至,大马士革刀,2.0,1350.0,10500.0,欧洲东部,意大利,欧洲东部,土耳其
5850.0,贝鲁特,"雅典,萨洛尼卡,克里特",大马士革刀,古代美术品,2.0,6000.0,5700.0,欧洲东部,土耳其,欧洲东部,巴尔干
5850.0,克里特,贝鲁特,古代美术品,大马士革刀,2.0,5700.0,6000.0,欧洲东部,巴尔干,欧洲东部,土耳其
5850.0,雅典,贝鲁特,古代美术品,大马士革刀,2.0,5700.0,6000.0,欧洲东部,巴尔干,欧洲东部,土耳其
5850.0,萨洛尼卡,贝鲁特,古代美术品,大马士革刀,2.0,5700.0,6000.0,欧洲东部,巴尔干,欧洲东部,土耳其
5835.0,加来,亚历山大,蕾丝,胡椒,2.0,1470.0,10200.0,欧洲北部,法国,欧洲东部,北非
5812.5,塞瓦斯托波尔,"开罗,亚历山大",土耳其地毯,埃及香精,2.0,3375.0,8250.0,欧洲东部,土耳其,欧洲东部,北非
5812.5,贝鲁特,"开罗,亚历山大",土耳其地毯,埃及香精,2.0,3375.0,8250.0,欧洲东部,土耳其,欧洲东部,北非
5800.0,克里特,"爱丁堡,都柏林,伦敦",古代美术品,英格兰花呢,2.0,7600.0,4000.0,欧洲东部,巴尔干,欧洲北部,不列颠
5800.0,帕尔马,汉堡,雪莉酒,甲胄,2.0,3600.0,8000.0,欧洲东部,伊比利亚,欧洲北部,德国
5800.0,马拉加,汉堡,雪莉酒,甲胄,2.0,3600.0,8000.0,欧洲西部,伊比利亚,欧洲北部,德国
5775.0,锡兰,勃固,蓝宝石,翡翠,2.0,6300.0,5250.0,印度洋,印度,东南亚,中南半岛
5775.0,勃固,锡兰,翡翠,蓝宝石,2.0,5250.0,6300.0,东南亚,中南半岛,印度洋,印度
5762.5,亚速尔,亚历山大,珍珠,胡椒,2.0,1325.0,10200.0,欧洲西部,伊比利亚,欧洲东部,北非
5760.0,法马古斯塔,马赛,贝紫,天鹅绒,2.0,6720.0,4800.0,欧洲东部,巴尔干,欧洲东部,法国
5760.0,哥本哈根,马赛,甲胄,天鹅绒,2.0,3520.0,8000.0,欧洲北部,北欧,欧洲东部,法国
5760.0,吕贝克,马赛,甲胄,天鹅绒,2.0,3520.0,8000.0,欧洲北部,北欧,欧洲东部,法国
5750.0,波尔多,"雅典,萨洛尼卡",白兰地,大理石像,2.0,3400.0,8100.0,欧洲西部,法国,欧洲东部,巴尔干
5750.0,南特,"雅典,萨洛尼卡",白兰地,大理石像,2.0,3400.0,8100.0,欧洲西部,法国,欧洲东部,巴尔干
5732.5,纳塔尔,"圣乔治,阿比让,阿尔金",乌木,黄金,2.0,2465.0,9000.0,印度洋,东非,非洲西部,西非
5700.0,伦敦,"里斯本,塞维利亚,巴塞罗那",英格兰花呢,火器,2.0,3000.0,8400.0,欧洲北部,不列颠,欧洲西部,伊比利亚
5700.0,里斯本,"爱丁堡,都柏林,伦敦",火器,英格兰花呢,2.0,8400.0,3000.0,欧洲西部,伊比利亚,欧洲北部,不列颠
5700.0,苏伊士,"马德拉斯,本地治里",贝紫,乌兹钢,2.0,2400.0,9000.0,印度洋,阿拉伯,印度洋,印度
5700.0,都柏林,"里斯本,塞维利亚,巴塞罗那",英格兰花呢,火器,2.0,3000.0,8400.0,欧洲北部,不列颠,欧洲西部,伊比利亚
5700.0,波尔多,"斯德哥尔摩,但泽,维斯比",白兰地,琥珀,2.0,5100.0,6300.0,欧洲西部,法国,欧洲北部,北欧
5700.0,塞维利亚,"爱丁堡,都柏林,伦敦",火器,英格兰花呢,2.0,8400.0,3000.0,欧洲西部,伊比利亚,欧洲北部,不列颠
5700.0,巴塞罗那,"爱丁堡,都柏林,伦敦",火器,英格兰花呢,2.0,8400.0,3000.0,欧洲东部,伊比利亚,欧洲北部,不列颠
5700.0,的里雅斯特,贝鲁特,船钉,大马士革刀,2.0,900.0,10500.0,欧洲东部,意大利,欧洲东部,土耳其
5700.0,南特,"斯德哥尔摩,但泽,维斯比",白兰地,琥珀,2.0,5100.0,6300.0,欧洲西部,法国,欧洲北部,北欧
5700.0,爱丁堡,"里斯本,塞维利亚,巴塞罗那",英格兰花呢,火器,2.0,3000.0,8400.0,欧洲北部,不列颠,欧洲西部,伊比利亚
5695.0,纳塔尔,"雅加达,文莱,达沃",乌木,沉香,2.0,2465.0,8925.0,印度洋,东非,东南亚,东南亚
5685.0,阿尔及尔,伊斯坦布尔,沙漠玫瑰,火器,2.0,6750.0,4620.0,欧洲东部,北非,欧洲东部,土耳其
5685.0,休达,伊斯坦布尔,沙漠玫瑰,火器,2.0,6750.0,4620.0,欧洲西部,北非,欧洲东部,土耳其
5685.0,突尼斯,伊斯坦布尔,沙漠玫瑰,火器,2.0,6750.0,4620.0,欧洲东部,北非,欧洲东部,土耳其
5670.0,马斯喀特,"马德拉斯,本地治里",藏红花,乌兹钢,2.0,2340.0,9000.0,印度洋,波斯,印度洋,印度
5662.5,佛得角,贝鲁特,玛瑙,大马士革刀,2.0,825.0,10500.0,非洲西部,西非,欧洲东部,土耳其
5650.0,萨洛尼卡,"里斯本,塞维利亚,巴塞罗那",古代美术品,火器,2.0,5700.0,5600.0,欧洲东部,巴尔干,欧洲西部,伊比利亚
5650.0,巴塞罗那,"雅典,萨洛尼卡,克里特",火器,古代美术品,2.0,5600.0,5700.0,欧洲东部,伊比利亚,欧洲东部,巴尔干
5650.0,塞维利亚,"雅典,萨洛尼卡,克里特",火器,古代美术品,2.0,5600.0,5700.0,欧洲西部,伊比利亚,欧洲东部,巴尔干
5650.0,雅典,"里斯本,塞维利亚,巴塞罗那",古代美术品,火器,2.0,5700.0,5600.0,欧洲东部,巴尔干,欧洲西部,伊比利亚
5650.0,里斯本,"雅典,萨洛尼卡,克里特",火器,古代美术品,2.0,5600.0,5700.0,欧洲西部,伊比利亚,欧洲东部,巴尔干
5650.0,克里特,"里斯本,塞维利亚,巴塞罗那",古代美术品,火器,2.0,5700.0,5600.0,欧洲东部,巴尔干,欧洲西部,伊比利亚
5637.5,开罗,"格罗宁根,阿姆斯特丹",埃及香精,玻璃球,2.0,8250.0,3025.0,欧洲东部,北非,欧洲北部,荷兰
5625.0,开罗,"爱丁堡,都柏林,伦敦",埃及香精,英格兰花呢,2.0,8250.0,3000.0,欧洲东部,北非,欧洲北部,不列颠
5620.0,吉达,洛布里,乳香,红宝石,2.0,4715.0,6525.0,印度洋,阿拉伯,东南亚,中南半岛
5620.0,亚丁,洛布里,乳香,红宝石,2.0,4715.0,6525.0,印度洋,阿拉伯,东南亚,中南半岛
5620.0,索科特拉,洛布里,乳香,红宝石,2.0,4715.0,6525.0,印度洋,阿拉伯,东南亚,中南半岛
5620.0,洛布里,"亚丁,吉达,索科特拉",红宝石,乳香,2.0,6525.0,4715.0,东南亚,中南半岛,印度洋,阿拉伯
5610.0,卡萨布兰卡,伊斯坦布尔,阿甘油,火器,2.0,6600.0,4620.0,欧洲西部,北非,欧洲东部,土耳其
5597.5,瓦伦西亚,汉堡,迷迭香,甲胄,2.0,3195.0,8000.0,欧洲西部,伊比利亚,欧洲北部,德国
5585.0,帝利,"锡兰,卡利卡特",肉豆蔻,红宝石,2.0,4645.0,6525.0,东南亚,东南亚,印度洋,印度
5585.0,安汶,"锡兰,卡利卡特",肉豆蔻,红宝石,2.0,4645.0,6525.0,东南亚,东南亚,印度洋,印度
5585.0,马辰,"锡兰,卡利卡特",肉豆蔻,红宝石,2.0,4645.0,6525.0,东南亚,东南亚,印度洋,印度
5560.0,拉古萨,法马古斯塔,玻璃工艺品,贝紫,2.0,2800.0,8320.0,欧洲东部,意大利,欧洲东部,巴尔干
5550.0,拉斯帕尔马斯,亚历山大,珊瑚,胡椒,2.0,900.0,10200.0,欧洲西部,伊比利亚,欧洲东部,北非
5550.0,马德拉,亚历山大,珊瑚,胡椒,2.0,900.0,10200.0,欧洲西部,伊比利亚,欧洲东部,北非
5500.0,马赛,"爱丁堡,都柏林,伦敦",天鹅绒,英格兰花呢,2.0,8000.0,3000.0,欧洲东部,法国,欧洲北部,不列颠
5500.0,都柏林,马赛,英格兰花呢,天鹅绒,2.0,3000.0,8000.0,欧洲北部,不列颠,欧洲东部,法国
5500.0,伦敦,马赛,英格兰花呢,天鹅绒,2.0,3000.0,8000.0,欧洲北部,不列颠,欧洲东部,法国
5500.0,爱丁堡,马赛,英格兰花呢,天鹅绒,2.0,3000.0,8000.0,欧洲北部,不列颠,欧洲东部,法国
5475.0,纳塔尔,"波尔图,里斯本",乌木,蓝花瓷片,2.0,1290.0,9660.0,印度洋,东非,欧洲西部,伊比利亚
5475.0,罗安达,贝鲁特,木雕,大马士革刀,2.0,450.0,10500.0,非洲西部,西非,欧洲东部,土耳其
5475.0,特尔纳特,"霍尔木兹,巴士拉",丁香,青金石,2.0,3000.0,7950.0,东南亚,东南亚,印度洋,波斯
5475.0,泗水,"霍尔木兹,巴士拉",丁香,青金石,2.0,3000.0,7950.0,东南亚,东南亚,印度洋,波斯
5425.0,班加西,"威尼斯,比萨,热那亚",陶器,天鹅绒,2.0,1250.0,9600.0,欧洲东部,北非,欧洲东部,意大利
5412.5,摩加迪沙,"霍尔木兹,巴士拉",犀角,青金石,2.0,4200.0,6625.0,印度洋,东非,印度洋,波斯
5412.5,基尔瓦,"霍尔木兹,巴士拉",犀角,青金石,2.0,4200.0,6625.0,印度洋,东非,印度洋,波斯
5400.0,布里斯托,"雅典,萨洛尼卡",船钉,大理石像,2.0,900.0,9900.0,欧洲北部,不列颠,欧洲东部,巴尔干
5397.5,加来,"雅典,萨洛尼卡",蕾丝,大理石像,2.0,2695.0,8100.0,欧洲北部,法国,欧洲东部,巴尔干
5360.0,法马古斯塔,"爱丁堡,都柏林,伦敦",贝紫,英格兰花呢,2.0,6720.0,4000.0,欧洲东部,巴尔干,欧洲北部,不列颠
5360.0,法马古斯塔,"里斯本,塞维利亚,巴塞罗那",贝紫,火器,2.0,5120.0,5600.0,欧洲东部,巴尔干,欧洲西部,伊比利亚
5325.0,普利茅斯,"雅典,萨洛尼卡",白镴器皿,大理石像,2.0,750.0,9900.0,欧洲北部,不列颠,欧洲东部,巴尔干
5300.0,威尼斯,"里斯本,塞维利亚,巴塞罗那",天鹅绒,火器,2.0,6400.0,4200.0,欧洲东部,意大利,欧洲西部,伊比利亚
5300.0,热那亚,"里斯本,塞维利亚,巴塞罗那",天鹅绒,火器,2.0,6400.0,4200.0,欧洲东部,意大利,欧洲西部,伊比利亚
5300.0,波尔多,亚历山大,香肠,胡椒,2.0,400.0,10200.0,欧洲西部,法国,欧洲东部,北非
5300.0,塞维利亚,马赛,火器,天鹅绒,2.0,4200.0,6400.0,欧洲西部,伊比利亚,欧洲东部,法国
5300.0,塞维利亚,"威尼斯,比萨,热那亚",火器,天鹅绒,2.0,4200.0,6400.0,欧洲西部,伊比利亚,欧洲东部,意大利
5300.0,里斯本,"威尼斯,比萨,热那亚",火器,天鹅绒,2.0,4200.0,6400.0,欧洲西部,伊比利亚,欧洲东部,意大利
5300.0,比萨,"里斯本,塞维利亚,巴塞罗那",天鹅绒,火器,2.0,6400.0,4200.0,欧洲东部,意大利,欧洲西部,伊比利亚
5300.0,马赛,"里斯本,塞维利亚,巴塞罗那",天鹅绒,火器,2.0,6400.0,4200.0,欧洲东部,法国,欧洲西部,伊比利亚
5300.0,巴塞罗那,"威尼斯,比萨,热那亚",火器,天鹅绒,2.0,4200.0,6400.0,欧洲东部,伊比利亚,欧洲东部,意大利
5300.0,巴塞罗那,马赛,火器,天鹅绒,2.0,4200.0,6400.0,欧洲东部,伊比利亚,欧洲东部,法国
5300.0,里斯本,马赛,火器,天鹅绒,2.0,4200.0,6400.0,欧洲西部,伊比利亚,欧洲东部,法国
5275.0,南特,亚历山大,乳酪,胡椒,2.0,350.0,10200.0,欧洲西部,法国,欧洲东部,北非
5265.0,雅法,"威尼斯,比萨,热那亚",椰枣,天鹅绒,2.0,930.0,9600.0,欧洲东部,土耳其,欧洲东部,意大利
5250.0,克里特,马赛,古代美术品,天鹅绒,2.0,5700.0,4800.0,欧洲东部,巴尔干,欧洲东部,法国
5250.0,卡利卡特,"霍尔木兹,巴士拉",红宝石,青金石,2.0,6525.0,3975.0,印度洋,印度,印度洋,波斯
5250.0,锡兰,"霍尔木兹,巴士拉",红宝石,青金石,2.0,6525.0,3975.0,印度洋,印度,印度洋,波斯
5235.0,嘉定,"霍尔木兹,巴士拉",蓝宝石,青金石,2.0,2520.0,7950.0,东南亚,中南半岛,印度洋,波斯
5212.5,的黎波里,马赛,玛瑙,天鹅绒,2.0,825.0,9600.0,欧洲东部,北非,欧洲东部,法国
5212.5,的黎波里,汉堡,玛瑙,甲胄,2.0,825.0,9600.0,欧洲东部,北非,欧洲北部,德国
5212.5,的黎波里,"威尼斯,比萨,热那亚",玛瑙,天鹅绒,2.0,825.0,9600.0,欧洲东部,北非,欧洲东部,意大利
5205.0,马斯喀特,洛布里,乳香,红宝石,2.0,3885.0,6525.0,印度洋,波斯,东南亚,中南半岛
5200.0,安特卫普,"里斯本,塞维利亚,巴塞罗那",珠宝首饰,火器,2.0,2000.0,8400.0,欧洲北部,荷兰,欧洲西部,伊比利亚
5200.0,里斯本,安特卫普,火器,珠宝首饰,2.0,8400.0,2000.0,欧洲西部,伊比利亚,欧洲北部,荷兰
5200.0,塞维利亚,安特卫普,火器,珠宝首饰,2.0,8400.0,2000.0,欧洲西部,伊比利亚,欧洲北部,荷兰
5200.0,巴塞罗那,安特卫普,火器,珠宝首饰,2.0,8400.0,2000.0,欧洲东部,伊比利亚,欧洲北部,荷兰
5197.5,嘉定,雅加达,蓝宝石,黄金,2.0,2520.0,7875.0,东南亚,中南半岛,东南亚,东南亚
5180.0,奥斯陆,"里斯本,塞维利亚,巴塞罗那",阿夸维特酒,火器,2.0,1960.0,8400.0,欧洲北部,北欧,欧洲西部,伊比利亚
5180.0,卑尔根,"里斯本,塞维利亚,巴塞罗那",阿夸维特酒,火器,2.0,1960.0,8400.0,欧洲北部,北欧,欧洲西部,伊比利亚
5162.5,不莱梅,"雅典,萨洛尼卡",啤酒,大理石像,2.0,425.0,9900.0,欧洲北部,德国,欧洲东部,巴尔干
5160.0,贝宁,塔马塔夫,象牙,蓝宝石,2.0,1500.0,8820.0,非洲西部,西非,印度洋,东非
5142.5,达沃,洛布里,乌木,红宝石,2.0,3760.0,6525.0,东南亚,东南亚,东南亚,中南半岛
5140.0,安特卫普,锡拉库萨,珠宝首饰,大理石像,2.0,2000.0,8280.0,欧洲北部,荷兰,欧洲东部,意大利
5140.0,锡拉库萨,安特卫普,大理石像,珠宝首饰,2.0,8280.0,2000.0,欧洲东部,意大利,欧洲北部,荷兰
5137.5,班加西,"里斯本,塞维利亚,巴塞罗那",陶器,火器,2.0,1875.0,8400.0,欧洲东部,北非,欧洲西部,伊比利亚
5125.0,马德拉斯,勃固,乌兹钢,翡翠,2.0,5000.0,5250.0,印度洋,印度,东南亚,中南半岛
5125.0,本地治里,勃固,乌兹钢,翡翠,2.0,5000.0,5250.0,印度洋,印度,东南亚,中南半岛
5125.0,西西里,汉堡,牛至,甲胄,2.0,2250.0,8000.0,欧洲东部,意大利,欧洲北部,德国
5125.0,卡利亚里,汉堡,牛至,甲胄,2.0,2250.0,8000.0,欧洲东部,意大利,欧洲北部,德国
5120.0,卑尔根,锡拉库萨,阿夸维特酒,大理石像,2.0,1960.0,8280.0,欧洲北部,北欧,欧洲东部,意大利
5120.0,奥斯陆,锡拉库萨,阿夸维特酒,大理石像,2.0,1960.0,8280.0,欧洲北部,北欧,欧洲东部,意大利
5102.5,瓦伦西亚,"斯德哥尔摩,但泽,维斯比",迷迭香,琥珀,2.0,3905.0,6300.0,欧洲西部,伊比利亚,欧洲北部,北欧
5102.5,马拉加,"斯德哥尔摩,但泽,维斯比",迷迭香,琥珀,2.0,3905.0,6300.0,欧洲西部,伊比利亚,欧洲北部,北欧
5102.5,帕尔马,"斯德哥尔摩,但泽,维斯比",迷迭香,琥珀,2.0,3905.0,6300.0,欧洲东部,伊比利亚,欧洲北部,北欧
5072.5,圣多美,塔马塔夫,珍珠,蓝宝石,2.0,1325.0,8820.0,非洲西部,西非,印度洋,东非
5055.0,波尔图,"雅典,萨洛尼卡,克里特",蓝花瓷片,古代美术品,2.0,4410.0,5700.0,欧洲西部,伊比利亚,欧洲东部,巴尔干
5050.0,塞瓦斯托波尔,"里斯本,塞维利亚,巴塞罗那",土耳其地毯,火器,2.0,4500.0,5600.0,欧洲东部,土耳其,欧洲西部,伊比利亚
5025.0,巨港,"霍尔木兹,巴士拉",翡翠,青金石,2.0,2100.0,7950.0,东南亚,东南亚,印度洋,波斯
5000.0,威尼斯,安特卫普,天鹅绒,珠宝首饰,2.0,8000.0,2000.0,欧洲东部,意大利,欧洲北部,荷兰
5000.0,安特卫普,马赛,珠宝首饰,天鹅绒,2.0,2000.0,8000.0,欧洲北部,荷兰,欧洲东部,法国
5000.0,热那亚,安特卫普,天鹅绒,珠宝首饰,2.0,8000.0,2000.0,欧洲东部,意大利,欧洲北部,荷兰
5000.0,马赛,安特卫普,天鹅绒,珠宝首饰,2.0,8000.0,2000.0,欧洲东部,法国,欧洲北部,荷兰
5000.0,比萨,安特卫普,天鹅绒,珠宝首饰,2.0,8000.0,2000.0,欧洲东部,意大利,欧洲北部,荷兰
4987.5,阿姆斯特丹,"里斯本,塞维利亚,巴塞罗那",金酒,火器,2.0,1575.0,8400.0,欧洲北部,荷兰,欧洲西部,伊比利亚
4987.5,格罗宁根,"里斯本,塞维利亚,巴塞罗那",金酒,火器,2.0,1575.0,8400.0,欧洲北部,荷兰,欧洲西部,伊比利亚
4982.5,勃固,"亚丁,吉达,索科特拉",翡翠,乳香,2.0,5250.0,4715.0,东南亚,中南半岛,印度洋,阿拉伯
4980.0,卑尔根,马赛,阿夸维特酒,天鹅绒,2.0,1960.0,8000.0,欧洲北部,北欧,欧洲东部,法国
4980.0,奥斯陆,马赛,阿夸维特酒,天鹅绒,2.0,1960.0,8000.0,欧洲北部,北欧,欧洲东部,法国
4927.5,格罗宁根,锡拉库萨,金酒,大理石像,2.0,1575.0,8280.0,欧洲北部,荷兰,欧洲东部,意大利
4927.5,阿姆斯特丹,锡拉库萨,金酒,大理石像,2.0,1575.0,8280.0,欧洲北部,荷兰,欧洲东部,意大利
4900.0,南特,汉堡,白兰地,甲胄,2.0,3400.0,6400.0,欧洲西部,法国,欧洲北部,德国
4900.0,波尔多,汉堡,白兰地,甲胄,2.0,3400.0,6400.0,欧洲西部,法国,欧洲北部,德国
4887.5,卡利卡特,"吉达,马萨瓦",红宝石,咖啡,2.0,6525.0,3250.0,印度洋,印度,印度洋,阿拉伯
4887.5,马萨瓦,洛布里,咖啡,红宝石,2.0,3250.0,6525.0,印度洋,阿拉伯,东南亚,中南半岛
4887.5,锡兰,"吉达,马萨瓦",红宝石,咖啡,2.0,6525.0,3250.0,印度洋,印度,印度洋,阿拉伯
4885.0,马辰,那霸,肉豆蔻,珊瑚,2.0,8870.0,900.0,东南亚,东南亚,东亚,东亚
4885.0,帝利,那霸,肉豆蔻,珊瑚,2.0,8870.0,900.0,东南亚,东南亚,东亚,东亚
4885.0,安汶,那霸,肉豆蔻,珊瑚,2.0,8870.0,900.0,东南亚,东南亚,东亚,东亚
4880.0,波尔图,马赛,蓝花瓷片,天鹅绒,2.0,3360.0,6400.0,欧洲西部,伊比利亚,欧洲东部,法国
4880.0,波尔图,"威尼斯,比萨,热那亚",蓝花瓷片,天鹅绒,2.0,3360.0,6400.0,欧洲西部,伊比利亚,欧洲东部,意大利
4850.0,安平,"堺,长崎,江户",龙涎香,日本刀,2.0,1750.0,7950.0,东亚,大明,东亚,日本
4850.0,杭州,"浦项,汉阳",青花瓷,人参,2.0,7000.0,2700.0,东亚,大明,东亚,朝鲜
4850.0,浦项,杭州,人参,青花瓷,2.0,2700.0,7000.0,东亚,朝鲜,东亚,大明
4850.0,汉阳,杭州,人参,青花瓷,2.0,2700.0,7000.0,东亚,朝鲜,东亚,大明
4837.5,伊斯坦布尔,"雅典,萨洛尼卡,克里特",蓝眼睛,古代美术品,2.0,3975.0,5700.0,欧洲东部,土耳其,欧洲东部,巴尔干
4822.5,佛得角,塔马塔夫,玛瑙,蓝宝石,2.0,825.0,8820.0,非洲西部,西非,印度洋,东非
4812.5,蒙巴萨,"霍尔木兹,巴士拉",咖啡,青金石,2.0,3000.0,6625.0,印度洋,东非,印度洋,波斯
4800.0,拉古萨,"爱丁堡,都柏林,伦敦",玻璃工艺品,英格兰花呢,2.0,5600.0,4000.0,欧洲东部,意大利,欧洲北部,不列颠
4800.0,克里特,安特卫普,古代美术品,珠宝首饰,2.0,7600.0,2000.0,欧洲东部,巴尔干,欧洲北部,荷兰
4800.0,那不勒斯,"爱丁堡,都柏林,伦敦",玻璃工艺品,英格兰花呢,2.0,5600.0,4000.0,欧洲东部,意大利,欧洲北部,不列颠
4800.0,卡萨布兰卡,"爱丁堡,都柏林,伦敦",阿甘油,英格兰花呢,2.0,6600.0,3000.0,欧洲西部,北非,欧洲北部,不列颠
4787.5,亚齐,"霍尔木兹,巴士拉",姜黄,青金石,2.0,1625.0,7950.0,东南亚,东南亚,印度洋,波斯
4762.5,泗水,洛布里,丁香,红宝石,2.0,3000.0,6525.0,东南亚,东南亚,东南亚,中南半岛
4762.5,特尔纳特,洛布里,丁香,红宝石,2.0,3000.0,6525.0,东南亚,东南亚,东南亚,中南半岛
4762.5,文莱,洛布里,丁香,红宝石,2.0,3000.0,6525.0,东南亚,东南亚,东南亚,中南半岛
4762.5,泗水,"锡兰,卡利卡特",丁香,红宝石,2.0,3000.0,6525.0,东南亚,东南亚,印度洋,印度
4762.5,特尔纳特,"锡兰,卡利卡特",丁香,红宝石,2.0,3000.0,6525.0,东南亚,东南亚,印度洋,印度
4762.5,安汶,洛布里,丁香,红宝石,2.0,3000.0,6525.0,东南亚,东南亚,东南亚,中南半岛
4750.0,漳州,"浦项,汉阳",青瓷,人参,2.0,6800.0,2700.0,东亚,大明,东亚,朝鲜
4725.0,马六甲,"霍尔木兹,巴士拉",金制工艺品,青金石,2.0,1500.0,7950.0,东南亚,东南亚,印度洋,波斯
4665.0,北大年,"霍尔木兹,巴士拉",剑麻,青金石,2.0,1380.0,7950.0,东南亚,东南亚,印度洋,波斯
4662.5,亚速尔,汉堡,珍珠,甲胄,2.0,1325.0,8000.0,欧洲西部,伊比利亚,欧洲北部,德国
4650.0,马拉加,"雅典,萨洛尼卡,克里特",雪莉酒,古代美术品,2.0,3600.0,5700.0,欧洲西部,伊比利亚,欧洲东部,巴尔干
4650.0,帕尔马,"雅典,萨洛尼卡,克里特",雪莉酒,古代美术品,2.0,3600.0,5700.0,欧洲东部,伊比利亚,欧洲东部,巴尔干
4650.0,布里斯托,"里斯本,塞维利亚,巴塞罗那",船钉,火器,2.0,900.0,8400.0,欧洲北部,不列颠,欧洲西部,伊比利亚
4645.0,特尔纳特,"亚丁,吉达,索科特拉",丁香,乳香,2.0,5500.0,3790.0,东南亚,东南亚,印度洋,阿拉伯
4645.0,泗水,"亚丁,吉达,索科特拉",丁香,乳香,2.0,5500.0,3790.0,东南亚,东南亚,印度洋,阿拉伯
4637.5,望加锡,"霍尔木兹,巴士拉",珍珠,青金石,2.0,1325.0,7950.0,东南亚,东南亚,印度洋,波斯
4637.5,萨马赖,"霍尔木兹,巴士拉",珍珠,青金石,2.0,1325.0,7950.0,东南亚,东南亚,印度洋,波斯
4635.0,罗安达,塔马塔夫,木雕,蓝宝石,2.0,450.0,8820.0,非洲西部,西非,印度洋,东非
4612.5,的黎波里,"里斯本,塞维利亚,巴塞罗那",玛瑙,火器,2.0,825.0,8400.0,欧洲东部,北非,欧洲西部,伊比利亚
4612.5,佛得角,"里斯本,塞维利亚,巴塞罗那",玛瑙,火器,2.0,825.0,8400.0,非洲西部,西非,欧洲西部,伊比利亚
4610.0,卡利亚里,法马古斯塔,牛至,贝紫,2.0,900.0,8320.0,欧洲东部,意大利,欧洲东部,巴尔干
4610.0,的里雅斯特,法马古斯塔,船钉,贝紫,2.0,900.0,8320.0,欧洲东部,意大利,欧洲东部,巴尔干
4610.0,西西里,法马古斯塔,黄铜,贝紫,2.0,900.0,8320.0,欧洲东部,意大利,欧洲东部,巴尔干
4610.0,锡拉库萨,法马古斯塔,牛至,贝紫,2.0,900.0,8320.0,欧洲东部,意大利,欧洲东部,巴尔干
4590.0,布里斯托,锡拉库萨,船钉,大理石像,2.0,900.0,8280.0,欧洲北部,不列颠,欧洲东部,意大利
4575.0,卡利亚里,"斯德哥尔摩,但泽,维斯比",牛至,琥珀,2.0,1800.0,7350.0,欧洲东部,意大利,欧洲北部,北欧
4575.0,里加,"里斯本,塞维利亚,巴塞罗那",皮草,火器,2.0,750.0,8400.0,欧洲北部,北欧,欧洲西部,伊比利亚
4575.0,西西里,"斯德哥尔摩,但泽,维斯比",牛至,琥珀,2.0,1800.0,7350.0,欧洲东部,意大利,欧洲北部,北欧
4575.0,普利茅斯,"里斯本,塞维利亚,巴塞罗那",白镴器皿,火器,2.0,750.0,8400.0,欧洲北部,不列颠,欧洲西部,伊比利亚
4550.0,帕尔马,"威尼斯,比萨,热那亚",雪莉酒,天鹅绒,2.0,2700.0,6400.0,欧洲东部,伊比利亚,欧洲东部,意大利
4550.0,马拉加,"威尼斯,比萨,热那亚",雪莉酒,天鹅绒,2.0,2700.0,6400.0,欧洲西部,伊比利亚,欧洲东部,意大利
4547.5,加来,汉堡,蕾丝,甲胄,2.0,2695.0,6400.0,欧洲北部,法国,欧洲北部,德国
4537.5,塞瓦斯托波尔,"雅典,萨洛尼卡,克里特",土耳其地毯,古代美术品,2.0,3375.0,5700.0,欧洲东部,土耳其,欧洲东部,巴尔干
4537.5,雅法,"开罗,亚历山大",玛瑙,埃及香精,2.0,825.0,8250.0,欧洲东部,土耳其,欧洲东部,北非
4525.0,格罗宁根,马赛,金酒,天鹅绒,2.0,1050.0,8000.0,欧洲北部,荷兰,欧洲东部,法国
4525.0,阿姆斯特丹,马赛,金酒,天鹅绒,2.0,1050.0,8000.0,欧洲北部,荷兰,欧洲东部,法国
4515.0,锡拉库萨,"南特,波尔多",大理石像,白兰地,2.0,6480.0,2550.0,欧洲东部,意大利,欧洲西部,法国
4515.0,波尔多,锡拉库萨,白兰地,大理石像,2.0,2550.0,6480.0,欧洲西部,法国,欧洲东部,意大利
4515.0,南特,锡拉库萨,白兰地,大理石像,2.0,2550.0,6480.0,欧洲西部,法国,欧洲东部,意大利
4515.0,里加,锡拉库萨,皮草,大理石像,2.0,750.0,8280.0,欧洲北部,北欧,欧洲东部,意大利
4515.0,普利茅斯,锡拉库萨,白镴器皿,大理石像,2.0,750.0,8280.0,欧洲北部,不列颠,欧洲东部,意大利
4500.0,果阿,勃固,紫檀木,翡翠,2.0,3750.0,5250.0,印度洋,印度,东南亚,中南半岛
4500.0,但泽,汉堡,琥珀,甲胄,2.0,4200.0,4800.0,欧洲北部,北欧,欧洲北部,德国
4500.0,加尔各答,勃固,紫檀木,翡翠,2.0,3750.0,5250.0,印度洋,印度,东南亚,中南半岛
4500.0,维斯比,汉堡,琥珀,甲胄,2.0,4200.0,4800.0,欧洲北部,北欧,欧洲北部,德国
4500.0,汉堡,"斯德哥尔摩,但泽,维斯比",甲胄,琥珀,2.0,4800.0,4200.0,欧洲北部,德国,欧洲北部,北欧
4500.0,斯德哥尔摩,汉堡,琥珀,甲胄,2.0,4200.0,4800.0,欧洲北部,北欧,欧洲北部,德国
4497.5,加来,"斯德哥尔摩,但泽,维斯比",蕾丝,琥珀,2.0,2695.0,6300.0,欧洲北部,法国,欧洲北部,北欧
4475.0,马尼拉,"霍尔木兹,巴士拉",白银,青金石,2.0,1000.0,7950.0,东南亚,东南亚,印度洋,波斯
4460.0,亚齐,"釜山,汉阳",姜黄,白瓷,2.0,2150.0,6770.0,东南亚,东南亚,东亚,朝鲜
4450.0,拉斯帕尔马斯,汉堡,珊瑚,甲胄,2.0,900.0,8000.0,欧洲西部,伊比利亚,欧洲北部,德国
4450.0,马德拉,汉堡,珊瑚,甲胄,2.0,900.0,8000.0,欧洲西部,伊比利亚,欧洲北部,德国
4450.0,的里雅斯特,汉堡,船钉,甲胄,2.0,900.0,8000.0,欧洲东部,意大利,欧洲北部,德国
4450.0,布里斯托,马赛,船钉,天鹅绒,2.0,900.0,8000.0,欧洲北部,不列颠,欧洲东部,法国
4447.5,瓦伦西亚,"雅典,萨洛尼卡,克里特",迷迭香,古代美术品,2.0,3195.0,5700.0,欧洲西部,伊比利亚,欧洲东部,巴尔干
4425.0,古晋,"霍尔木兹,巴士拉",黄铜,青金石,2.0,900.0,7950.0,东南亚,东南亚,印度洋,波斯
4425.0,长崎,那霸,日本刀,珊瑚,2.0,7950.0,900.0,东亚,日本,东亚,东亚
4425.0,那霸,"堺,长崎,江户",珊瑚,日本刀,2.0,900.0,7950.0,东亚,东亚,东亚,日本
4425.0,江户,那霸,日本刀,珊瑚,2.0,7950.0,900.0,东亚,日本,东亚,东亚
4425.0,堺,那霸,日本刀,珊瑚,2.0,7950.0,900.0,东亚,日本,东亚,东亚
4425.0,占碑,"霍尔木兹,巴士拉",珊瑚,青金石,2.0,900.0,7950.0,东南亚,东南亚,印度洋,波斯
4425.0,罗安达,"里斯本,塞维利亚,巴塞罗那",木雕,火器,2.0,450.0,8400.0,非洲西部,西非,欧洲西部,伊比利亚
4412.5,不莱梅,"里斯本,塞维利亚,巴塞罗那",啤酒,火器,2.0,425.0,8400.0,欧洲北部,德国,欧洲西部,伊比利亚
4387.5,淡水,"堺,长崎,江户",玛瑙,日本刀,2.0,825.0,7950.0,东亚,大明,东亚,日本
4375.0,普利茅斯,马赛,白镴器皿,天鹅绒,2.0,750.0,8000.0,欧洲北部,不列颠,欧洲东部,法国
4375.0,里加,马赛,皮草,天鹅绒,2.0,750.0,8000.0,欧洲北部,北欧,欧洲东部,法国
4352.5,不莱梅,锡拉库萨,啤酒,大理石像,2.0,425.0,8280.0,欧洲北部,德国,欧洲东部,意大利
4350.0,萨洛尼卡,"那不勒斯,比萨",古代美术品,蕾丝,2.0,3800.0,4900.0,欧洲东部,巴尔干,欧洲东部,意大利
4350.0,克里特,"那不勒斯,比萨",古代美术品,蕾丝,2.0,3800.0,4900.0,欧洲东部,巴尔干,欧洲东部,意大利
4350.0,雅典,"那不勒斯,比萨",古代美术品,蕾丝,2.0,3800.0,4900.0,欧洲东部,巴尔干,欧洲东部,意大利
4337.5,法马古斯塔,"开罗,亚历山大",蜂蜡,埃及香精,2.0,425.0,8250.0,欧洲东部,巴尔干,欧洲东部,北非
4320.0,科钦,"吉达,马萨瓦",肉桂,咖啡,2.0,5390.0,3250.0,印度洋,印度,印度洋,阿拉伯
4320.0,果阿,"吉达,马萨瓦",肉桂,咖啡,2.0,5390.0,3250.0,印度洋,印度,印度洋,阿拉伯
4312.5,巨港,"锡兰,卡利卡特",翡翠,红宝石,2.0,2100.0,6525.0,东南亚,东南亚,印度洋,印度
4265.0,瓦伦西亚,"威尼斯,比萨,热那亚",迷迭香,天鹅绒,2.0,2130.0,6400.0,欧洲西部,伊比利亚,欧洲东部,意大利
4265.0,马拉加,马赛,迷迭香,天鹅绒,2.0,2130.0,6400.0,欧洲西部,伊比利亚,欧洲东部,法国
4265.0,帕尔马,马赛,迷迭香,天鹅绒,2.0,2130.0,6400.0,欧洲东部,伊比利亚,欧洲东部,法国
4265.0,瓦伦西亚,马赛,迷迭香,天鹅绒,2.0,2130.0,6400.0,欧洲西部,伊比利亚,欧洲东部,法国
4237.5,洛布里,锡兰,红宝石,蓝宝石,2.0,2175.0,6300.0,东南亚,中南半岛,印度洋,印度
4230.0,波尔图,"爱丁堡,都柏林,伦敦",蓝花瓷片,英格兰花呢,2.0,5460.0,3000.0,欧洲西部,伊比利亚,欧洲北部,不列颠
4212.5,不莱梅,马赛,啤酒,天鹅绒,2.0,425.0,8000.0,欧洲北部,德国,欧洲东部,法国
4200.0,雷克雅未克,"里斯本,塞维利亚,巴塞罗那",硫磺,火器,2.0,0.0,8400.0,极北地区,北欧,欧洲西部,伊比利亚
4140.0,雷克雅未克,锡拉库萨,硫磺,大理石像,2.0,0.0,8280.0,极北地区,北欧,欧洲东部,意大利
4135.0,马六甲,"釜山,汉阳",金制工艺品,白瓷,2.0,1500.0,6770.0,东南亚,东南亚,东亚,朝鲜
4125.0,的里雅斯特,"斯德哥尔摩,但泽,维斯比",船钉,琥珀,2.0,900.0,7350.0,欧洲东部,意大利,欧洲北部,北欧
4095.0,科钦,勃固,肉桂,翡翠,2.0,2940.0,5250.0,印度洋,印度,东南亚,中南半岛
4047.5,望加锡,"釜山,汉阳",珍珠,白瓷,2.0,1325.0,6770.0,东南亚,东南亚,东亚,朝鲜
4047.5,萨马赖,"釜山,汉阳",珍珠,白瓷,2.0,1325.0,6770.0,东南亚,东南亚,东亚,朝鲜
4040.0,马赛,锡拉库萨,天鹅绒,大理石像,2.0,1600.0,6480.0,欧洲东部,法国,欧洲东部,意大利
4012.5,马苏利帕特南,勃固,印度印花布,翡翠,2.0,2775.0,5250.0,印度洋,印度,东南亚,中南半岛
4012.5,第乌,勃固,印度印花布,翡翠,2.0,2775.0,5250.0,印度洋,印度,东南亚,中南半岛
4012.5,卡利卡特,勃固,印度印花布,翡翠,2.0,2775.0,5250.0,印度洋,印度,东南亚,中南半岛
4012.5,马六甲,"锡兰,卡利卡特",金制工艺品,红宝石,2.0,1500.0,6525.0,东南亚,东南亚,印度洋,印度
4012.5,马六甲,洛布里,金制工艺品,红宝石,2.0,1500.0,6525.0,东南亚,东南亚,东南亚,中南半岛
4000.0,釜山,杭州,白银,青花瓷,2.0,1000.0,7000.0,东亚,朝鲜,东亚,大明
4000.0,雷克雅未克,马赛,硫磺,天鹅绒,2.0,0.0,8000.0,极北地区,北欧,欧洲东部,法国
3990.0,锡拉库萨,"里斯本,塞维利亚,巴塞罗那",大理石像,火器,2.0,3780.0,4200.0,欧洲东部,意大利,欧洲西部,伊比利亚
3962.5,苏伊士,洛布里,绿松石,红宝石,2.0,1400.0,6525.0,印度洋,阿拉伯,东南亚,中南半岛
3960.0,法马古斯塔,贝鲁特,贝紫,大马士革刀,2.0,1920.0,6000.0,欧洲东部,巴尔干,欧洲东部,土耳其
3957.5,纳塔尔,"霍尔木兹,巴士拉",乌木,青金石,2.0,1290.0,6625.0,印度洋,东非,印度洋,波斯
3952.5,北大年,"锡兰,卡利卡特",剑麻,红宝石,2.0,1380.0,6525.0,东南亚,东南亚,印度洋,印度
3937.5,那不勒斯,"里斯本,塞维利亚,巴塞罗那",蕾丝,火器,2.0,3675.0,4200.0,欧洲东部,意大利,欧洲西部,伊比利亚
3925.0,望加锡,"锡兰,卡利卡特",珍珠,红宝石,2.0,1325.0,6525.0,东南亚,东南亚,印度洋,印度
3925.0,萨马赖,洛布里,珍珠,红宝石,2.0,1325.0,6525.0,东南亚,东南亚,东南亚,中南半岛
3925.0,萨马赖,"锡兰,卡利卡特",珍珠,红宝石,2.0,1325.0,6525.0,东南亚,东南亚,印度洋,印度
3925.0,望加锡,洛布里,珍珠,红宝石,2.0,1325.0,6525.0,东南亚,东南亚,东南亚,中南半岛
3885.0,马尼拉,"釜山,汉阳",白银,白瓷,2.0,1000.0,6770.0,东南亚,东南亚,东亚,朝鲜
3862.5,亚速尔,马赛,珍珠,天鹅绒,2.0,1325.0,6400.0,欧洲西部,伊比利亚,欧洲东部,法国
3862.5,亚速尔,"威尼斯,比萨,热那亚",珍珠,天鹅绒,2.0,1325.0,6400.0,欧洲西部,伊比利亚,欧洲东部,意大利
3857.5,桑给巴尔,"亚丁,吉达,索科特拉",祖母绿,乳香,2.0,5775.0,1940.0,印度洋,东非,印度洋,阿拉伯
3857.5,莫桑比克,"亚丁,吉达,索科特拉",祖母绿,乳香,2.0,5775.0,1940.0,印度洋,东非,印度洋,阿拉伯
3835.0,占碑,"釜山,汉阳",珊瑚,白瓷,2.0,900.0,6770.0,东南亚,东南亚,东亚,朝鲜
3835.0,古晋,"釜山,汉阳",黄铜,白瓷,2.0,900.0,6770.0,东南亚,东南亚,东亚,朝鲜
3825.0,嘉定,锡兰,柚木,蓝宝石,2.0,1350.0,6300.0,东南亚,中南半岛,印度洋,印度
3812.5,亚速尔,"斯德哥尔摩,但泽,维斯比",珍珠,琥珀,2.0,1325.0,6300.0,欧洲西部,伊比利亚,欧洲北部,北欧
3812.5,亚齐,"锡兰,卡利卡特",姜黄,红宝石,2.0,1100.0,6525.0,东南亚,东南亚,印度洋,印度
3775.0,北大年,"釜山,汉阳",剑麻,白瓷,2.0,780.0,6770.0,东南亚,东南亚,东亚,朝鲜
3762.5,马尼拉,"锡兰,卡利卡特",白银,红宝石,2.0,1000.0,6525.0,东南亚,东南亚,印度洋,印度
3762.5,马尼拉,洛布里,白银,红宝石,2.0,1000.0,6525.0,东南亚,东南亚,东南亚,中南半岛
3730.0,波尔图,安特卫普,蓝花瓷片,珠宝首饰,2.0,5460.0,2000.0,欧洲西部,伊比利亚,欧洲北部,荷兰
3715.0,加来,锡拉库萨,洋甘菊,大理石像,2.0,950.0,6480.0,欧洲北部,法国,欧洲东部,意大利
3712.5,古晋,洛布里,黄铜,红宝石,2.0,900.0,6525.0,东南亚,东南亚,东南亚,中南半岛
3712.5,古晋,"锡兰,卡利卡特",黄铜,红宝石,2.0,900.0,6525.0,东南亚,东南亚,印度洋,印度
3712.5,占碑,"锡兰,卡利卡特",珊瑚,红宝石,2.0,900.0,6525.0,东南亚,东南亚,印度洋,印度
3712.5,占碑,洛布里,珊瑚,红宝石,2.0,900.0,6525.0,东南亚,东南亚,东南亚,中南半岛
3675.0,比萨,"南特,波尔多",天鹅绒,白兰地,2.0,4800.0,2550.0,欧洲东部,意大利,欧洲西部,法国
3675.0,热那亚,"南特,波尔多",天鹅绒,白兰地,2.0,4800.0,2550.0,欧洲东部,意大利,欧洲西部,法国
3675.0,威尼斯,"南特,波尔多",天鹅绒,白兰地,2.0,4800.0,2550.0,欧洲东部,意大利,欧洲西部,法国
3675.0,巨港,洛布里,玛瑙,红宝石,2.0,825.0,6525.0,东南亚,东南亚,东南亚,中南半岛
3652.5,北大年,洛布里,剑麻,红宝石,2.0,780.0,6525.0,东南亚,东南亚,东南亚,中南半岛
3650.0,马德拉,马赛,珊瑚,天鹅绒,2.0,900.0,6400.0,欧洲西部,伊比利亚,欧洲东部,法国
3650.0,拉斯帕尔马斯,马赛,珊瑚,天鹅绒,2.0,900.0,6400.0,欧洲西部,伊比利亚,欧洲东部,法国
3650.0,拉斯帕尔马斯,"威尼斯,比萨,热那亚",珊瑚,天鹅绒,2.0,900.0,6400.0,欧洲西部,伊比利亚,欧洲东部,意大利
3650.0,马德拉,"威尼斯,比萨,热那亚",珊瑚,天鹅绒,2.0,900.0,6400.0,欧洲西部,伊比利亚,欧洲东部,意大利
3637.5,纳塔尔,"锡兰,卡利卡特",铜矿石,红宝石,2.0,750.0,6525.0,印度洋,东非,印度洋,印度
3637.5,科钦,"霍尔木兹,巴士拉",胡椒,青金石,2.0,3300.0,3975.0,印度洋,印度,印度洋,波斯
3625.0,但泽,安特卫普,琥珀,珠宝首饰,2.0,5250.0,2000.0,欧洲北部,北欧,欧洲北部,荷兰
3625.0,但泽,"爱丁堡,都柏林,伦敦",琥珀,英格兰花呢,2.0,5250.0,2000.0,欧洲北部,北欧,欧洲北部,不列颠
3625.0,斯德哥尔摩,安特卫普,琥珀,珠宝首饰,2.0,5250.0,2000.0,欧洲北部,北欧,欧洲北部,荷兰
3625.0,斯德哥尔摩,"爱丁堡,都柏林,伦敦",琥珀,英格兰花呢,2.0,5250.0,2000.0,欧洲北部,北欧,欧洲北部,不列颠
3625.0,都柏林,"斯德哥尔摩,但泽,维斯比",英格兰花呢,琥珀,2.0,2000.0,5250.0,欧洲北部,不列颠,欧洲北部,北欧
3625.0,维斯比,安特卫普,琥珀,珠宝首饰,2.0,5250.0,2000.0,欧洲北部,北欧,欧洲北部,荷兰
3625.0,爱丁堡,"斯德哥尔摩,但泽,维斯比",英格兰花呢,琥珀,2.0,2000.0,5250.0,欧洲北部,不列颠,欧洲北部,北欧
3625.0,维斯比,"爱丁堡,都柏林,伦敦",琥珀,英格兰花呢,2.0,5250.0,2000.0,欧洲北部,北欧,欧洲北部,不列颠
3625.0,伦敦,"斯德哥尔摩,但泽,维斯比",英格兰花呢,琥珀,2.0,2000.0,5250.0,欧洲北部,不列颠,欧洲北部,北欧
3625.0,安特卫普,"斯德哥尔摩,但泽,维斯比",珠宝首饰,琥珀,2.0,2000.0,5250.0,欧洲北部,荷兰,欧洲北部,北欧
3617.5,嘉定,"亚丁,吉达,索科特拉",蓝宝石,乳香,2.0,2520.0,4715.0,东南亚,中南半岛,印度洋,阿拉伯
3600.0,海州,"浦项,汉阳",茶叶,人参,2.0,4500.0,2700.0,东亚,大明,东亚,朝鲜
3600.0,拉斯帕尔马斯,"斯德哥尔摩,但泽,维斯比",珊瑚,琥珀,2.0,900.0,6300.0,欧洲西部,伊比利亚,欧洲北部,北欧
3600.0,马德拉,"斯德哥尔摩,但泽,维斯比",珊瑚,琥珀,2.0,900.0,6300.0,欧洲西部,伊比利亚,欧洲北部,北欧
3600.0,澳门,"浦项,汉阳",茶叶,人参,2.0,4500.0,2700.0,东亚,大明,东亚,朝鲜
3550.0,亚齐,洛布里,姜黄,红宝石,2.0,575.0,6525.0,东南亚,东南亚,东南亚,中南半岛
3512.5,亚速尔,"雅典,萨洛尼卡,克里特",珍珠,古代美术品,2.0,1325.0,5700.0,欧洲西部,伊比利亚,欧洲东部,巴尔干
3500.0,拉古萨,"里斯本,塞维利亚,巴塞罗那",玻璃工艺品,火器,2.0,2800.0,4200.0,欧洲东部,意大利,欧洲西部,伊比利亚
3475.0,班加西,"雅典,萨洛尼卡,克里特",陶器,古代美术品,2.0,1250.0,5700.0,欧洲东部,北非,欧洲东部,巴尔干
3472.5,马辰,洛布里,肉豆蔻,红宝石,2.0,420.0,6525.0,东南亚,东南亚,东南亚,中南半岛
3472.5,帝利,洛布里,肉豆蔻,红宝石,2.0,420.0,6525.0,东南亚,东南亚,东南亚,中南半岛
3457.5,果阿,"霍尔木兹,巴士拉",肉桂,青金石,2.0,2940.0,3975.0,印度洋,印度,印度洋,波斯
3450.0,那不勒斯,安特卫普,蕾丝,珠宝首饰,2.0,4900.0,2000.0,欧洲东部,意大利,欧洲北部,荷兰
3437.5,梅里达,"韦拉克鲁斯,牙买加,马拉开波",翡翠,黄金,2.0,3500.0,3375.0,加勒比,加勒比,加勒比,加勒比
3437.5,牙买加,梅里达,黄金,翡翠,2.0,3375.0,3500.0,加勒比,加勒比,加勒比,加勒比
3437.5,韦拉克鲁斯,梅里达,黄金,翡翠,2.0,3375.0,3500.0,加勒比,加勒比,加勒比,加勒比
3437.5,马拉开波,梅里达,黄金,翡翠,2.0,3375.0,3500.0,加勒比,加勒比,加勒比,加勒比
3420.0,阿姆斯特丹,"斯德哥尔摩,但泽,维斯比",蕾丝,琥珀,2.0,1590.0,5250.0,欧洲北部,荷兰,欧洲北部,北欧
3400.0,伦敦,汉堡,英格兰花呢,甲胄,2.0,2000.0,4800.0,欧洲北部,不列颠,欧洲北部,德国
3400.0,安特卫普,汉堡,珠宝首饰,甲胄,2.0,2000.0,4800.0,欧洲北部,荷兰,欧洲北部,德国
3400.0,爱丁堡,汉堡,英格兰花呢,甲胄,2.0,2000.0,4800.0,欧洲北部,不列颠,欧洲北部,德国
3400.0,汉堡,安特卫普,甲胄,珠宝首饰,2.0,4800.0,2000.0,欧洲北部,德国,欧洲北部,荷兰
3400.0,都柏林,汉堡,英格兰花呢,甲胄,2.0,2000.0,4800.0,欧洲北部,不列颠,欧洲北部,德国
3400.0,汉堡,"爱丁堡,都柏林,伦敦",甲胄,英格兰花呢,2.0,4800.0,2000.0,欧洲北部,德国,欧洲北部,不列颠
3387.5,班加西,"格罗宁根,阿姆斯特丹",陶器,玻璃球,2.0,3750.0,3025.0,欧洲东部,北非,欧洲北部,荷兰
3375.0,马苏利帕特南,"霍尔木兹,巴士拉",印度印花布,青金石,2.0,2775.0,3975.0,印度洋,印度,印度洋,波斯
3375.0,第乌,"霍尔木兹,巴士拉",印度印花布,青金石,2.0,2775.0,3975.0,印度洋,印度,印度洋,波斯
3375.0,班加西,"爱丁堡,都柏林,伦敦",陶器,英格兰花呢,2.0,3750.0,3000.0,欧洲东部,北非,欧洲北部,不列颠
3375.0,波尔多,"里斯本,塞维利亚,巴塞罗那",白兰地,火器,2.0,2550.0,4200.0,欧洲西部,法国,欧洲西部,伊比利亚
3375.0,南特,"里斯本,塞维利亚,巴塞罗那",白兰地,火器,2.0,2550.0,4200.0,欧洲西部,法国,欧洲西部,伊比利亚
3375.0,加尔各答,"霍尔木兹,巴士拉",印度印花布,青金石,2.0,2775.0,3975.0,印度洋,印度,印度洋,波斯
3337.5,浦项,"堺,长崎,江户",人参,日本刀,2.0,2700.0,3975.0,东亚,朝鲜,东亚,日本
3337.5,长崎,"浦项,汉阳",日本刀,人参,2.0,3975.0,2700.0,东亚,日本,东亚,朝鲜
3337.5,堺,"浦项,汉阳",日本刀,人参,2.0,3975.0,2700.0,东亚,日本,东亚,朝鲜
3337.5,汉阳,"堺,长崎,江户",人参,日本刀,2.0,2700.0,3975.0,东亚,朝鲜,东亚,日本
3337.5,江户,"浦项,汉阳",日本刀,人参,2.0,3975.0,2700.0,东亚,日本,东亚,朝鲜
3300.0,哈瓦那,"伯南布哥,巴伊亚,圣安东尼奥,布宜诺斯艾利斯",烟草,可可,2.0,4200.0,2400.0,加勒比,加勒比,南美洲,中南美
3300.0,圣多明各,"伯南布哥,巴伊亚,圣安东尼奥,布宜诺斯艾利斯",烟草,可可,2.0,4200.0,2400.0,加勒比,加勒比,南美洲,中南美
3300.0,马德拉,"雅典,萨洛尼卡,克里特",珊瑚,古代美术品,2.0,900.0,5700.0,欧洲西部,伊比利亚,欧洲东部,巴尔干
3300.0,圣安东尼奥,"哈瓦那,圣地亚哥,圣多明各",马黛茶,烟草,2.0,2400.0,4200.0,南美洲,中南美,加勒比,加勒比
3300.0,伯南布哥,"哈瓦那,圣地亚哥,圣多明各",可可,烟草,2.0,2400.0,4200.0,南美洲,中南美,加勒比,加勒比
3300.0,拉斯帕尔马斯,"雅典,萨洛尼卡,克里特",珊瑚,古代美术品,2.0,900.0,5700.0,欧洲西部,伊比利亚,欧洲东部,巴尔干
3300.0,布宜诺斯艾利斯,"哈瓦那,圣地亚哥,圣多明各",马黛茶,烟草,2.0,2400.0,4200.0,南美洲,中南美,加勒比,加勒比
3300.0,巴伊亚,"哈瓦那,圣地亚哥,圣多明各",马黛茶,烟草,2.0,2400.0,4200.0,南美洲,中南美,加勒比,加勒比
3300.0,圣地亚哥,"伯南布哥,巴伊亚,圣安东尼奥,布宜诺斯艾利斯",烟草,可可,2.0,4200.0,2400.0,加勒比,加勒比,南美洲,中南美
3265.0,雅法,"里斯本,塞维利亚,巴塞罗那",椰枣,火器,2.0,930.0,5600.0,欧洲东部,土耳其,欧洲西部,伊比利亚
3262.5,佛得角,"雅典,萨洛尼卡,克里特",玛瑙,古代美术品,2.0,825.0,5700.0,非洲西部,西非,欧洲东部,巴尔干
3262.5,的黎波里,"雅典,萨洛尼卡,克里特",玛瑙,古代美术品,2.0,825.0,5700.0,欧洲东部,北非,欧洲东部,巴尔干
3262.5,雅法,"雅典,萨洛尼卡,克里特",玛瑙,古代美术品,2.0,825.0,5700.0,欧洲东部,土耳其,欧洲东部,巴尔干
3200.0,特尔纳特,那霸,丁香,珊瑚,2.0,5500.0,900.0,东南亚,东南亚,东亚,东亚
3200.0,泗水,那霸,丁香,珊瑚,2.0,5500.0,900.0,东南亚,东南亚,东亚,东亚
3195.0,阿姆斯特丹,汉堡,蕾丝,甲胄,2.0,1590.0,4800.0,欧洲北部,荷兰,欧洲北部,德国
3187.5,霍尔木兹,苏伊士,青金石,贝紫,2.0,3975.0,2400.0,印度洋,波斯,印度洋,阿拉伯
3187.5,巴士拉,苏伊士,青金石,贝紫,2.0,3975.0,2400.0,印度洋,波斯,印度洋,阿拉伯
3187.5,苏伊士,"霍尔木兹,巴士拉",贝紫,青金石,2.0,2400.0,3975.0,印度洋,阿拉伯,印度洋,波斯
3150.0,格罗宁根,"斯德哥尔摩,但泽,维斯比",金酒,琥珀,2.0,1050.0,5250.0,欧洲北部,荷兰,欧洲北部,北欧
3135.0,加来,马赛,蕾丝,天鹅绒,2.0,1470.0,4800.0,欧洲北部,法国,欧洲东部,法国
3135.0,马赛,加来,天鹅绒,蕾丝,2.0,4800.0,1470.0,欧洲东部,法国,欧洲北部,法国
3112.5,那不勒斯,"南特,波尔多",蕾丝,白兰地,2.0,3675.0,2550.0,欧洲东部,意大利,欧洲西部,法国
3100.0,拉古萨,安特卫普,玻璃工艺品,珠宝首饰,2.0,4200.0,2000.0,欧洲东部,意大利,欧洲北部,荷兰
3097.5,帕尔马,"爱丁堡,都柏林,伦敦",迷迭香,英格兰花呢,2.0,3195.0,3000.0,欧洲东部,伊比利亚,欧洲北部,不列颠
3097.5,瓦伦西亚,"爱丁堡,都柏林,伦敦",迷迭香,英格兰花呢,2.0,3195.0,3000.0,欧洲西部,伊比利亚,欧洲北部,不列颠
3097.5,马拉加,"爱丁堡,都柏林,伦敦",迷迭香,英格兰花呢,2.0,3195.0,3000.0,欧洲西部,伊比利亚,欧洲北部,不列颠
3075.0,布里斯托,"斯德哥尔摩,但泽,维斯比",船钉,琥珀,2.0,900.0,5250.0,欧洲北部,不列颠,欧洲北部,北欧
3075.0,杭州,那霸,青花瓷,珊瑚,2.0,5250.0,900.0,东亚,大明,东亚,东亚
3075.0,罗安达,"雅典,萨洛尼卡,克里特",木雕,古代美术品,2.0,450.0,5700.0,非洲西部,西非,欧洲东部,巴尔干
3075.0,那霸,杭州,珊瑚,青花瓷,2.0,900.0,5250.0,东亚,东亚,东亚,大明
3012.5,第乌,"吉达,马萨瓦",印度印花布,咖啡,2.0,2775.0,3250.0,印度洋,印度,印度洋,阿拉伯
3012.5,马苏利帕特南,"吉达,马萨瓦",印度印花布,咖啡,2.0,2775.0,3250.0,印度洋,印度,印度洋,阿拉伯
3012.5,加尔各答,"吉达,马萨瓦",印度印花布,咖啡,2.0,2775.0,3250.0,印度洋,印度,印度洋,阿拉伯
3010.0,釜山,"堺,长崎,江户",白瓷,日本刀,2.0,2045.0,3975.0,东亚,朝鲜,东亚,日本
3000.0,漳州,那霸,青瓷,珊瑚,2.0,5100.0,900.0,东亚,大明,东亚,东亚
3000.0,普利茅斯,"斯德哥尔摩,但泽,维斯比",白镴器皿,琥珀,2.0,750.0,5250.0,欧洲北部,不列颠,欧洲北部,北欧
2962.5,吕贝克,汉堡,银制工艺品,甲胄,2.0,1125.0,4800.0,欧洲北部,北欧,欧洲北部,德国
2957.5,索科特拉,"霍尔木兹,巴士拉",乳香,青金石,2.0,1940.0,3975.0,印度洋,阿拉伯,印度洋,波斯
2957.5,亚丁,"霍尔木兹,巴士拉",乳香,青金石,2.0,1940.0,3975.0,印度洋,阿拉伯,印度洋,波斯
2957.5,吉达,"霍尔木兹,巴士拉",乳香,青金石,2.0,1940.0,3975.0,印度洋,阿拉伯,印度洋,波斯
2950.0,梅里达,"伯南布哥,巴伊亚,圣安东尼奥,布宜诺斯艾利斯",翡翠,可可,2.0,3500.0,2400.0,加勒比,加勒比,南美洲,中南美
2945.0,巨港,"亚丁,吉达,索科特拉",翡翠,乳香,2.0,2100.0,3790.0,东南亚,东南亚,印度洋,阿拉伯
2932.5,贝宁,"亚丁,吉达,索科特拉",象牙,乳香,2.0,3000.0,2865.0,非洲西部,西非,印度洋,阿拉伯
2925.0,格罗宁根,汉堡,金酒,甲胄,2.0,1050.0,4800.0,欧洲北部,荷兰,欧洲北部,德国
2925.0,塔马塔夫,索法拉,黄金,黄金,2.0,2925.0,2925.0,印度洋,东非,印度洋,东非
2925.0,索法拉,塔马塔夫,黄金,黄金,2.0,2925.0,2925.0,印度洋,东非,印度洋,东非
2900.0,卑尔根,汉堡,橡木,甲胄,2.0,1000.0,4800.0,欧洲北部,北欧,欧洲北部,德国
2890.0,奥斯陆,汉堡,阿夸维特酒,甲胄,2.0,980.0,4800.0,欧洲北部,北欧,欧洲北部,德国
2890.0,哥本哈根,汉堡,阿夸维特酒,甲胄,2.0,980.0,4800.0,欧洲北部,北欧,欧洲北部,德国
2850.0,布里斯托,汉堡,船钉,甲胄,2.0,900.0,4800.0,欧洲北部,不列颠,欧洲北部,德国
2847.5,加来,"爱丁堡,都柏林,伦敦",蕾丝,英格兰花呢,2.0,2695.0,3000.0,欧洲北部,法国,欧洲北部,不列颠
2842.5,科皮亚波,"哈瓦那,圣地亚哥,圣多明各",奎宁,烟草,2.0,1485.0,4200.0,南美洲,中南美,加勒比,加勒比
2835.0,加来,"里斯本,塞维利亚,巴塞罗那",蕾丝,火器,2.0,1470.0,4200.0,欧洲北部,法国,欧洲西部,伊比利亚
2825.0,波尔多,马赛,白兰地,天鹅绒,2.0,850.0,4800.0,欧洲西部,法国,欧洲东部,法国
2825.0,南特,马赛,白兰地,天鹅绒,2.0,850.0,4800.0,欧洲西部,法国,欧洲东部,法国
2812.5,佛得角,突尼斯,玛瑙,贝紫,2.0,825.0,4800.0,非洲西部,西非,欧洲东部,北非
2800.0,卡萨布兰卡,开罗,龙涎香,祖母绿,2.0,1750.0,3850.0,欧洲西部,北非,欧洲东部,北非
2800.0,马拉加,安特卫普,雪莉酒,珠宝首饰,2.0,3600.0,2000.0,欧洲西部,伊比利亚,欧洲北部,荷兰
2800.0,开罗,卡萨布兰卡,祖母绿,龙涎香,2.0,3850.0,1750.0,欧洲东部,北非,欧洲西部,北非
2800.0,帕尔马,安特卫普,雪莉酒,珠宝首饰,2.0,3600.0,2000.0,欧洲东部,伊比利亚,欧洲北部,荷兰
2775.0,卡利亚里,"里斯本,塞维利亚,巴塞罗那",牛至,火器,2.0,1350.0,4200.0,欧洲东部,意大利,欧洲西部,伊比利亚
2775.0,南特,"爱丁堡,都柏林,伦敦",白兰地,英格兰花呢,2.0,2550.0,3000.0,欧洲西部,法国,欧洲北部,不列颠
2775.0,里加,汉堡,皮草,甲胄,2.0,750.0,4800.0,欧洲北部,北欧,欧洲北部,德国
2775.0,普利茅斯,汉堡,白镴器皿,甲胄,2.0,750.0,4800.0,欧洲北部,不列颠,欧洲北部,德国
2775.0,西西里,"里斯本,塞维利亚,巴塞罗那",牛至,火器,2.0,1350.0,4200.0,欧洲东部,意大利,欧洲西部,伊比利亚
2775.0,波尔多,"爱丁堡,都柏林,伦敦",白兰地,英格兰花呢,2.0,2550.0,3000.0,欧洲西部,法国,欧洲北部,不列颠
2737.5,巨港,雅加达,翡翠,黄金,2.0,2100.0,3375.0,东南亚,东南亚,东南亚,东南亚
2737.5,雅加达,巨港,黄金,翡翠,2.0,3375.0,2100.0,东南亚,东南亚,东南亚,东南亚
2730.0,瓦尔帕莱索,"哈瓦那,圣地亚哥,圣多明各",玛卡,烟草,2.0,1260.0,4200.0,南美洲,中南美,加勒比,加勒比
2725.0,突尼斯,开罗,贝紫,祖母绿,2.0,1600.0,3850.0,欧洲东部,北非,欧洲东部,北非
2722.5,的黎波里,伊斯坦布尔,玛瑙,火器,2.0,825.0,4620.0,欧洲东部,北非,欧洲东部,土耳其
2707.5,亚齐,"亚丁,吉达,索科特拉",姜黄,乳香,2.0,1625.0,3790.0,东南亚,东南亚,印度洋,阿拉伯
2675.0,卡利亚里,"爱丁堡,都柏林,伦敦",牛至,英格兰花呢,2.0,1350.0,4000.0,欧洲东部,意大利,欧洲北部,不列颠
2675.0,拉古萨,"南特,波尔多",玻璃工艺品,白兰地,2.0,2800.0,2550.0,欧洲东部,意大利,欧洲西部,法国
2675.0,西西里,"爱丁堡,都柏林,伦敦",牛至,英格兰花呢,2.0,1350.0,4000.0,欧洲东部,意大利,欧洲北部,不列颠
2650.0,文莱,雅加达,沉香,黄金,2.0,1925.0,3375.0,东南亚,东南亚,东南亚,东南亚
2650.0,达沃,雅加达,沉香,黄金,2.0,1925.0,3375.0,东南亚,东南亚,东南亚,东南亚
2645.0,马六甲,"亚丁,吉达,索科特拉",金制工艺品,乳香,2.0,1500.0,3790.0,东南亚,东南亚,印度洋,阿拉伯
2625.0,通贝斯,利马,印加玫瑰,黄金,2.0,1875.0,3375.0,南美洲,南美西岸,南美洲,南美西岸
2625.0,兰巴耶克,利马,印加玫瑰,黄金,2.0,1875.0,3375.0,南美洲,南美西岸,南美洲,南美西岸
2625.0,利马,"兰巴耶克,通贝斯",黄金,印加玫瑰,2.0,3375.0,1875.0,南美洲,南美西岸,南美洲,南美西岸
2625.0,罗安达,突尼斯,木雕,贝紫,2.0,450.0,4800.0,非洲西部,西非,欧洲东部,北非
2622.5,班加西,伊斯坦布尔,陶器,火器,2.0,625.0,4620.0,欧洲东部,北非,欧洲东部,土耳其
2600.0,巴拿马,"哈瓦那,圣地亚哥,圣多明各",白银,烟草,2.0,1000.0,4200.0,南美洲,南美西岸,加勒比,加勒比
2600.0,阿卡普尔科,"哈瓦那,圣地亚哥,圣多明各",白银,烟草,2.0,1000.0,4200.0,北美西部,南美西岸,加勒比,加勒比
2600.0,危地马拉,"哈瓦那,圣地亚哥,圣多明各",白银,烟草,2.0,1000.0,4200.0,南美洲,南美西岸,加勒比,加勒比
2597.5,瓦伦西亚,安特卫普,迷迭香,珠宝首饰,2.0,3195.0,2000.0,欧洲西部,伊比利亚,欧洲北部,荷兰
2587.5,圣多美,"亚丁,吉达,索科特拉",祖母绿,乳香,2.0,2310.0,2865.0,非洲西部,西非,印度洋,阿拉伯
2585.0,北大年,"亚丁,吉达,索科特拉",剑麻,乳香,2.0,1380.0,3790.0,东南亚,东南亚,印度洋,阿拉伯
2572.5,亚历山大,开罗,乳香,祖母绿,2.0,1295.0,3850.0,欧洲东部,北非,欧洲东部,北非
2557.5,望加锡,"亚丁,吉达,索科特拉",珍珠,乳香,2.0,1325.0,3790.0,东南亚,东南亚,印度洋,阿拉伯
2557.5,萨马赖,"亚丁,吉达,索科特拉",珍珠,乳香,2.0,1325.0,3790.0,东南亚,东南亚,印度洋,阿拉伯
2550.0,的里雅斯特,"里斯本,塞维利亚,巴塞罗那",船钉,火器,2.0,900.0,4200.0,欧洲东部,意大利,欧洲西部,伊比利亚
2525.0,不莱梅,"斯德哥尔摩,但泽,维斯比",啤酒,琥珀,2.0,850.0,4200.0,欧洲北部,德国,欧洲北部,北欧
2520.0,勃固,嘉定,蓝宝石,蓝宝石,2.0,2520.0,2520.0,东南亚,中南半岛,东南亚,中南半岛
2520.0,嘉定,勃固,蓝宝石,蓝宝石,2.0,2520.0,2520.0,东南亚,中南半岛,东南亚,中南半岛
2487.5,休达,开罗,沙漠玫瑰,祖母绿,2.0,1125.0,3850.0,欧洲西部,北非,欧洲东部,北非
2487.5,阿尔及尔,开罗,沙漠玫瑰,祖母绿,2.0,1125.0,3850.0,欧洲东部,北非,欧洲东部,北非
2470.0,蒙巴萨,"亚丁,吉达,索科特拉",咖啡,乳香,2.0,3000.0,1940.0,印度洋,东非,印度洋,阿拉伯
2470.0,摩加迪沙,"亚丁,吉达,索科特拉",咖啡,乳香,2.0,3000.0,1940.0,印度洋,东非,印度洋,阿拉伯
2450.0,的里雅斯特,"爱丁堡,都柏林,伦敦",船钉,英格兰花呢,2.0,900.0,4000.0,欧洲东部,意大利,欧洲北部,不列颠
2437.5,马六甲,雅加达,金制工艺品,黄金,2.0,1500.0,3375.0,东南亚,东南亚,东南亚,东南亚
2425.0,桑给巴尔,"塔马塔夫,索法拉",祖母绿,黄金,2.0,1925.0,2925.0,印度洋,东非,印度洋,东非
2425.0,莫桑比克,"塔马塔夫,索法拉",祖母绿,黄金,2.0,1925.0,2925.0,印度洋,东非,印度洋,东非
2412.5,圣胡安,梅里达,珍珠,翡翠,2.0,1325.0,3500.0,加勒比,加勒比,加勒比,加勒比
2412.5,哈瓦那,梅里达,珍珠,翡翠,2.0,1325.0,3500.0,加勒比,加勒比,加勒比,加勒比
2410.0,伊斯坦布尔,贝鲁特,火器,大马士革刀,2.0,1820.0,3000.0,欧洲东部,土耳其,欧洲东部,土耳其
2410.0,贝鲁特,伊斯坦布尔,大马士革刀,火器,2.0,3000.0,1820.0,欧洲东部,土耳其,欧洲东部,土耳其
2400.0,雷克雅未克,汉堡,硫磺,甲胄,2.0,0.0,4800.0,极北地区,北欧,欧洲北部,德国
2395.0,马尼拉,"亚丁,吉达,索科特拉",白银,乳香,2.0,1000.0,3790.0,东南亚,东南亚,印度洋,阿拉伯
2375.0,拿骚,梅里达,玳瑁,翡翠,2.0,1250.0,3500.0,加勒比,加勒比,加勒比,加勒比
2375.0,大开曼,梅里达,玳瑁,翡翠,2.0,1250.0,3500.0,加勒比,加勒比,加勒比,加勒比
2370.0,马斯喀特,苏伊士,藏红花,贝紫,2.0,2340.0,2400.0,印度洋,波斯,印度洋,阿拉伯
2370.0,基尔瓦,"亚丁,吉达,索科特拉",犀角,乳香,2.0,2800.0,1940.0,印度洋,东非,印度洋,阿拉伯
2362.5,马萨瓦,"霍尔木兹,巴士拉",明矾,青金石,2.0,750.0,3975.0,印度洋,阿拉伯,印度洋,波斯
2350.0,望加锡,雅加达,珍珠,黄金,2.0,1325.0,3375.0,东南亚,东南亚,东南亚,东南亚
2350.0,萨马赖,雅加达,珍珠,黄金,2.0,1325.0,3375.0,东南亚,东南亚,东南亚,东南亚
2347.5,加来,安特卫普,蕾丝,珠宝首饰,2.0,2695.0,2000.0,欧洲北部,法国,欧洲北部,荷兰
2347.5,洛布里,"嘉定,勃固",红宝石,蓝宝石,2.0,2175.0,2520.0,东南亚,中南半岛,东南亚,中南半岛
2345.0,古晋,"亚丁,吉达,索科特拉",黄铜,乳香,2.0,900.0,3790.0,东南亚,东南亚,印度洋,阿拉伯
2345.0,占碑,"亚丁,吉达,索科特拉",珊瑚,乳香,2.0,900.0,3790.0,东南亚,东南亚,印度洋,阿拉伯
2337.5,的黎波里,开罗,玛瑙,祖母绿,2.0,825.0,3850.0,欧洲东部,北非,欧洲东部,北非
2280.0,圣乔治,圣多美,黄金,祖母绿,2.0,2250.0,2310.0,非洲西部,西非,非洲西部,西非
2280.0,阿尔金,圣多美,黄金,祖母绿,2.0,2250.0,2310.0,非洲西部,西非,非洲西部,西非
2280.0,圣多美,"圣乔治,阿比让,阿尔金",祖母绿,黄金,2.0,2310.0,2250.0,非洲西部,西非,非洲西部,西非
2280.0,阿比让,圣多美,黄金,祖母绿,2.0,2250.0,2310.0,非洲西部,西非,非洲西部,西非
2275.0,南特,安特卫普,白兰地,珠宝首饰,2.0,2550.0,2000.0,欧洲西部,法国,欧洲北部,荷兰
2275.0,波尔多,安特卫普,白兰地,珠宝首饰,2.0,2550.0,2000.0,欧洲西部,法国,欧洲北部,荷兰
2250.0,澳门,那霸,折扇,珊瑚,2.0,3600.0,900.0,东亚,大明,东亚,东亚
2250.0,波多贝罗,梅里达,白银,翡翠,2.0,1000.0,3500.0,加勒比,加勒比,加勒比,加勒比
2250.0,特鲁希略,梅里达,橡木,翡翠,2.0,1000.0,3500.0,加勒比,加勒比,加勒比,加勒比
2250.0,卡宴,梅里达,白银,翡翠,2.0,1000.0,3500.0,加勒比,加勒比,加勒比,加勒比
2237.5,班加西,开罗,陶器,祖母绿,2.0,625.0,3850.0,欧洲东部,北非,欧洲东部,北非
2225.0,安平,"浦项,汉阳",龙涎香,人参,2.0,1750.0,2700.0,东亚,大明,东亚,朝鲜
2202.5,纳塔尔,"亚丁,吉达,索科特拉",乌木,乳香,2.0,2465.0,1940.0,印度洋,东非,印度洋,阿拉伯
2200.0,圣地亚哥,梅里达,珊瑚,翡翠,2.0,900.0,3500.0,加勒比,加勒比,加勒比,加勒比
2187.5,阿卡普尔科,利马,白银,黄金,2.0,1000.0,3375.0,北美西部,南美西岸,南美洲,南美西岸
2187.5,危地马拉,利马,白银,黄金,2.0,1000.0,3375.0,南美洲,南美西岸,南美洲,南美西岸
2187.5,巴拿马,利马,白银,黄金,2.0,1000.0,3375.0,南美洲,南美西岸,南美洲,南美西岸
2187.5,马尼拉,雅加达,白银,黄金,2.0,1000.0,3375.0,东南亚,东南亚,东南亚,东南亚
2175.0,卡利卡特,锡兰,红宝石,红宝石,2.0,2175.0,2175.0,印度洋,印度,印度洋,印度
2175.0,卡利亚里,"南特,波尔多",牛至,白兰地,2.0,1800.0,2550.0,欧洲东部,意大利,欧洲西部,法国
2175.0,锡兰,卡利卡特,红宝石,红宝石,2.0,2175.0,2175.0,印度洋,印度,印度洋,印度
2175.0,西西里,"南特,波尔多",牛至,白兰地,2.0,1800.0,2550.0,欧洲东部,意大利,欧洲西部,法国
2162.5,亚速尔,"爱丁堡,都柏林,伦敦",珍珠,英格兰花呢,2.0,1325.0,3000.0,欧洲西部,伊比利亚,欧洲北部,不列颠
2162.5,摩加迪沙,"塔马塔夫,索法拉",犀角,黄金,2.0,1400.0,2925.0,印度洋,东非,印度洋,东非
2162.5,圣多明各,梅里达,玛瑙,翡翠,2.0,825.0,3500.0,加勒比,加勒比,加勒比,加勒比
2162.5,基尔瓦,"塔马塔夫,索法拉",犀角,黄金,2.0,1400.0,2925.0,印度洋,东非,印度洋,东非
2137.5,罗安达,"亚丁,吉达,索科特拉",乌木,乳香,2.0,1410.0,2865.0,非洲西部,西非,印度洋,阿拉伯
2137.5,古晋,雅加达,黄铜,黄金,2.0,900.0,3375.0,东南亚,东南亚,东南亚,东南亚
2137.5,占碑,雅加达,珊瑚,黄金,2.0,900.0,3375.0,东南亚,东南亚,东南亚,东南亚
2107.5,纳塔尔,"塔马塔夫,索法拉",乌木,黄金,2.0,1290.0,2925.0,印度洋,东非,印度洋,东非
2077.5,北大年,雅加达,剑麻,黄金,2.0,780.0,3375.0,东南亚,东南亚,东南亚,东南亚
2075.0,索科特拉,苏伊士,龙涎香,贝紫,2.0,1750.0,2400.0,印度洋,阿拉伯,印度洋,阿拉伯
2075.0,苏伊士,索科特拉,贝紫,龙涎香,2.0,2400.0,1750.0,印度洋,阿拉伯,印度洋,阿拉伯
2062.5,泗水,雅加达,皮草,黄金,2.0,750.0,3375.0,东南亚,东南亚,东南亚,东南亚
2062.5,塞瓦斯托波尔,贝鲁特,土耳其地毯,大马士革刀,2.0,1125.0,3000.0,欧洲东部,土耳其,欧洲东部,土耳其
2050.0,威廉斯塔德,梅里达,剑麻,翡翠,2.0,600.0,3500.0,加勒比,加勒比,加勒比,加勒比
2050.0,加拉卡斯,梅里达,硝石,翡翠,2.0,600.0,3500.0,加勒比,加勒比,加勒比,加勒比
2045.0,汉阳,釜山,白瓷,白瓷,2.0,2045.0,2045.0,东亚,朝鲜,东亚,朝鲜
2045.0,釜山,汉阳,白瓷,白瓷,2.0,2045.0,2045.0,东亚,朝鲜,东亚,朝鲜
2017.5,蒙巴萨,"塔马塔夫,索法拉",乳香,黄金,2.0,1110.0,2925.0,印度洋,东非,印度洋,东非
2000.0,威尼斯,比萨,珠宝首饰,珠宝首饰,2.0,2000.0,2000.0,欧洲东部,意大利,欧洲东部,意大利
2000.0,比萨,威尼斯,珠宝首饰,珠宝首饰,2.0,2000.0,2000.0,欧洲东部,意大利,欧洲东部,意大利
2000.0,安特卫普,"爱丁堡,都柏林,伦敦",珠宝首饰,英格兰花呢,2.0,2000.0,2000.0,欧洲北部,荷兰,欧洲北部,不列颠
2000.0,特尔纳特,雅加达,火药,黄金,2.0,625.0,3375.0,东南亚,东南亚,东南亚,东南亚
2000.0,都柏林,安特卫普,英格兰花呢,珠宝首饰,2.0,2000.0,2000.0,欧洲北部,不列颠,欧洲北部,荷兰
2000.0,伦敦,安特卫普,英格兰花呢,珠宝首饰,2.0,2000.0,2000.0,欧洲北部,不列颠,欧洲北部,荷兰
2000.0,爱丁堡,安特卫普,英格兰花呢,珠宝首饰,2.0,2000.0,2000.0,欧洲北部,不列颠,欧洲北部,荷兰
1960.0,哥本哈根,安特卫普,甲胄,珠宝首饰,2.0,1920.0,2000.0,欧洲北部,北欧,欧洲北部,荷兰
1960.0,吕贝克,"爱丁堡,都柏林,伦敦",甲胄,英格兰花呢,2.0,1920.0,2000.0,欧洲北部,北欧,欧洲北部,不列颠
1960.0,吕贝克,安特卫普,甲胄,珠宝首饰,2.0,1920.0,2000.0,欧洲北部,北欧,欧洲北部,荷兰
1960.0,哥本哈根,"爱丁堡,都柏林,伦敦",甲胄,英格兰花呢,2.0,1920.0,2000.0,欧洲北部,北欧,欧洲北部,不列颠
1950.0,拉斯帕尔马斯,"爱丁堡,都柏林,伦敦",珊瑚,英格兰花呢,2.0,900.0,3000.0,欧洲西部,伊比利亚,欧洲北部,不列颠
1950.0,马德拉,"爱丁堡,都柏林,伦敦",珊瑚,英格兰花呢,2.0,900.0,3000.0,欧洲西部,伊比利亚,欧洲北部,不列颠
1937.5,亚齐,雅加达,砂糖,黄金,2.0,500.0,3375.0,东南亚,东南亚,东南亚,东南亚
1937.5,安汶,雅加达,丁香,黄金,2.0,500.0,3375.0,东南亚,东南亚,东南亚,东南亚
1935.0,本格拉,圣多美,钻石,祖母绿,2.0,1560.0,2310.0,非洲西部,西非,非洲西部,西非
1935.0,塞拉利昂,圣多美,钻石,祖母绿,2.0,1560.0,2310.0,非洲西部,西非,非洲西部,西非
1935.0,开普敦,圣多美,钻石,祖母绿,2.0,1560.0,2310.0,非洲西部,西非,非洲西部,西非
1925.0,的黎波里,"格罗宁根,阿姆斯特丹",玛瑙,玻璃球,2.0,825.0,3025.0,欧洲东部,北非,欧洲北部,荷兰
1920.0,吕贝克,哥本哈根,甲胄,甲胄,2.0,1920.0,1920.0,欧洲北部,北欧,欧洲北部,北欧
1920.0,哥本哈根,吕贝克,甲胄,甲胄,2.0,1920.0,1920.0,欧洲北部,北欧,欧洲北部,北欧
1912.5,的黎波里,"爱丁堡,都柏林,伦敦",玛瑙,英格兰花呢,2.0,825.0,3000.0,欧洲东部,北非,欧洲北部,不列颠
1912.5,雅法,贝鲁特,玛瑙,大马士革刀,2.0,825.0,3000.0,欧洲东部,土耳其,欧洲东部,土耳其
1910.0,萨洛尼卡,法马古斯塔,古代美术品,贝紫,2.0,1900.0,1920.0,欧洲东部,巴尔干,欧洲东部,巴尔干
1910.0,法马古斯塔,"雅典,萨洛尼卡,克里特",贝紫,古代美术品,2.0,1920.0,1900.0,欧洲东部,巴尔干,欧洲东部,巴尔干
1910.0,雅典,法马古斯塔,古代美术品,贝紫,2.0,1900.0,1920.0,欧洲东部,巴尔干,欧洲东部,巴尔干
1910.0,克里特,法马古斯塔,古代美术品,贝紫,2.0,1900.0,1920.0,欧洲东部,巴尔干,欧洲东部,巴尔干
1905.0,贝宁,圣多美,象牙,祖母绿,2.0,1500.0,2310.0,非洲西部,西非,非洲西部,西非
1900.0,卡利亚里,安特卫普,牛至,珠宝首饰,2.0,1800.0,2000.0,欧洲东部,意大利,欧洲北部,荷兰
1900.0,西西里,安特卫普,牛至,珠宝首饰,2.0,1800.0,2000.0,欧洲东部,意大利,欧洲北部,荷兰
1897.5,帝利,雅加达,肉豆蔻,黄金,2.0,420.0,3375.0,东南亚,东南亚,东南亚,东南亚
1897.5,马辰,雅加达,肉豆蔻,黄金,2.0,420.0,3375.0,东南亚,东南亚,东南亚,东南亚
1862.5,圣胡安,"伯南布哥,巴伊亚,圣安东尼奥,布宜诺斯艾利斯",珍珠,可可,2.0,1325.0,2400.0,加勒比,加勒比,南美洲,中南美
1860.0,罗安达,圣多美,乌木,祖母绿,2.0,1410.0,2310.0,非洲西部,西非,非洲西部,西非
1850.0,韦拉克鲁斯,"伯南布哥,巴伊亚,圣安东尼奥,布宜诺斯艾利斯",胭脂红,可可,2.0,1300.0,2400.0,加勒比,加勒比,南美洲,中南美
1845.0,佛得角,"亚丁,吉达,索科特拉",玛瑙,乳香,2.0,825.0,2865.0,非洲西部,西非,印度洋,阿拉伯
1825.0,吉达,苏伊士,玳瑁,贝紫,2.0,1250.0,2400.0,印度洋,阿拉伯,印度洋,阿拉伯
1825.0,大开曼,"伯南布哥,巴伊亚,圣安东尼奥,布宜诺斯艾利斯",玳瑁,可可,2.0,1250.0,2400.0,加勒比,加勒比,南美洲,中南美
1825.0,拿骚,"伯南布哥,巴伊亚,圣安东尼奥,布宜诺斯艾利斯",玳瑁,可可,2.0,1250.0,2400.0,加勒比,加勒比,南美洲,中南美
1800.0,浦项,那霸,人参,珊瑚,2.0,2700.0,900.0,东亚,朝鲜,东亚,东亚
1800.0,汉阳,那霸,人参,珊瑚,2.0,2700.0,900.0,东亚,朝鲜,东亚,东亚
1800.0,热那亚,"威尼斯,比萨",天鹅绒,珠宝首饰,2.0,1600.0,2000.0,欧洲东部,意大利,欧洲东部,意大利
1800.0,那霸,"浦项,汉阳",珊瑚,人参,2.0,900.0,2700.0,东亚,东亚,东亚,朝鲜
1795.0,阿姆斯特丹,安特卫普,蕾丝,珠宝首饰,2.0,1590.0,2000.0,欧洲北部,荷兰,欧洲北部,荷兰
1795.0,安特卫普,阿姆斯特丹,珠宝首饰,蕾丝,2.0,2000.0,1590.0,欧洲北部,荷兰,欧洲北部,荷兰
1795.0,阿姆斯特丹,"爱丁堡,都柏林,伦敦",蕾丝,英格兰花呢,2.0,1590.0,2000.0,欧洲北部,荷兰,欧洲北部,不列颠
1762.5,马拉开波,"伯南布哥,巴伊亚,圣安东尼奥,布宜诺斯艾利斯",银制工艺品,可可,2.0,1125.0,2400.0,加勒比,加勒比,南美洲,中南美
1762.5,加尔各答,"锡兰,卡利卡特",柚木,红宝石,2.0,1350.0,2175.0,印度洋,印度,印度洋,印度
1762.5,淡水,"浦项,汉阳",玛瑙,人参,2.0,825.0,2700.0,东亚,大明,东亚,朝鲜
1750.0,安平,杭州,龙涎香,青花瓷,2.0,1750.0,1750.0,东亚,大明,东亚,大明
1750.0,杭州,安平,青花瓷,龙涎香,2.0,1750.0,1750.0,东亚,大明,东亚,大明
1737.5,漳州,"杭州,安平",丝绸,青花瓷,2.0,1725.0,1750.0,东亚,大明,东亚,大明
1735.0,卑尔根,"爱丁堡,都柏林,伦敦",阿夸维特酒,英格兰花呢,2.0,1470.0,2000.0,欧洲北部,北欧,欧洲北部,不列颠
1735.0,奥斯陆,"爱丁堡,都柏林,伦敦",阿夸维特酒,英格兰花呢,2.0,1470.0,2000.0,欧洲北部,北欧,欧洲北部,不列颠
1725.0,的里雅斯特,"南特,波尔多",船钉,白兰地,2.0,900.0,2550.0,欧洲东部,意大利,欧洲西部,法国
1707.5,亚丁,苏伊士,乳香,贝紫,2.0,1015.0,2400.0,印度洋,阿拉伯,印度洋,阿拉伯
1700.0,危地马拉,"伯南布哥,巴伊亚,圣安东尼奥,布宜诺斯艾利斯",白银,可可,2.0,1000.0,2400.0,南美洲,南美西岸,南美洲,中南美
1700.0,阿卡普尔科,"伯南布哥,巴伊亚,圣安东尼奥,布宜诺斯艾利斯",白银,可可,2.0,1000.0,2400.0,北美西部,南美西岸,南美洲,中南美
1700.0,特鲁希略,"伯南布哥,巴伊亚,圣安东尼奥,布宜诺斯艾利斯",橡木,可可,2.0,1000.0,2400.0,加勒比,加勒比,南美洲,中南美
1700.0,巴拿马,"伯南布哥,巴伊亚,圣安东尼奥,布宜诺斯艾利斯",白银,可可,2.0,1000.0,2400.0,南美洲,南美西岸,南美洲,中南美
1700.0,拉古萨,"威尼斯,比萨",玻璃工艺品,珠宝首饰,2.0,1400.0,2000.0,欧洲东部,意大利,欧洲东部,意大利
1700.0,波多贝罗,"伯南布哥,巴伊亚,圣安东尼奥,布宜诺斯艾利斯",白银,可可,2.0,1000.0,2400.0,加勒比,加勒比,南美洲,中南美
1700.0,那不勒斯,"威尼斯,比萨",玻璃工艺品,珠宝首饰,2.0,1400.0,2000.0,欧洲东部,意大利,欧洲东部,意大利
1700.0,卡宴,"伯南布哥,巴伊亚,圣安东尼奥,布宜诺斯艾利斯",白银,可可,2.0,1000.0,2400.0,加勒比,加勒比,南美洲,中南美
1662.5,亚速尔,安特卫普,珍珠,珠宝首饰,2.0,1325.0,2000.0,欧洲西部,伊比利亚,欧洲北部,荷兰
1650.0,牙买加,"伯南布哥,巴伊亚,圣安东尼奥,布宜诺斯艾利斯",珊瑚,可可,2.0,900.0,2400.0,加勒比,加勒比,南美洲,中南美
1587.5,本地治里,"锡兰,卡利卡特",乌兹钢,红宝石,2.0,1000.0,2175.0,印度洋,印度,印度洋,印度
1587.5,马德拉斯,"锡兰,卡利卡特",乌兹钢,红宝石,2.0,1000.0,2175.0,印度洋,印度,印度洋,印度
1575.0,马萨瓦,苏伊士,明矾,贝紫,2.0,750.0,2400.0,印度洋,阿拉伯,印度洋,阿拉伯
1567.5,佛得角,圣多美,玛瑙,祖母绿,2.0,825.0,2310.0,非洲西部,西非,非洲西部,西非
1550.0,第乌,"锡兰,卡利卡特",印度印花布,红宝石,2.0,925.0,2175.0,印度洋,印度,印度洋,印度
1550.0,马苏利帕特南,"锡兰,卡利卡特",印度印花布,红宝石,2.0,925.0,2175.0,印度洋,印度,印度洋,印度
1540.0,锡拉库萨,"威尼斯,比萨",大理石像,珠宝首饰,2.0,1080.0,2000.0,欧洲东部,意大利,欧洲东部,意大利
1537.5,澳门,"杭州,安平",麝香,青花瓷,2.0,1325.0,1750.0,东亚,大明,东亚,大明
1525.0,亚齐,那霸,姜黄,珊瑚,2.0,2150.0,900.0,东南亚,东南亚,东亚,东亚
1525.0,格罗宁根,"爱丁堡,都柏林,伦敦",金酒,英格兰花呢,2.0,1050.0,2000.0,欧洲北部,荷兰,欧洲北部,不列颠
1500.0,加拉卡斯,"伯南布哥,巴伊亚,圣安东尼奥,布宜诺斯艾利斯",硝石,可可,2.0,600.0,2400.0,加勒比,加勒比,南美洲,中南美
1500.0,威廉斯塔德,"伯南布哥,巴伊亚,圣安东尼奥,布宜诺斯艾利斯",剑麻,可可,2.0,600.0,2400.0,加勒比,加勒比,南美洲,中南美
1500.0,卑尔根,安特卫普,橡木,珠宝首饰,2.0,1000.0,2000.0,欧洲北部,北欧,欧洲北部,荷兰
1490.0,奥斯陆,安特卫普,阿夸维特酒,珠宝首饰,2.0,980.0,2000.0,欧洲北部,北欧,欧洲北部,荷兰
1485.0,维斯比,"哥本哈根,吕贝克",琥珀,甲胄,2.0,1050.0,1920.0,欧洲北部,北欧,欧洲北部,北欧
1485.0,但泽,"哥本哈根,吕贝克",琥珀,甲胄,2.0,1050.0,1920.0,欧洲北部,北欧,欧洲北部,北欧
1485.0,斯德哥尔摩,"哥本哈根,吕贝克",琥珀,甲胄,2.0,1050.0,1920.0,欧洲北部,北欧,欧洲北部,北欧
1472.5,浦项,"釜山,汉阳",人参,白瓷,2.0,900.0,2045.0,东亚,朝鲜,东亚,朝鲜
1462.5,果阿,"锡兰,卡利卡特",紫檀木,红宝石,2.0,750.0,2175.0,印度洋,印度,印度洋,印度
1460.0,卑尔根,"哥本哈根,吕贝克",橡木,甲胄,2.0,1000.0,1920.0,欧洲北部,北欧,欧洲北部,北欧
1450.0,塞维利亚,瓦伦西亚,火器,金制工艺品,2.0,1400.0,1500.0,欧洲西部,伊比利亚,欧洲西部,伊比利亚
1450.0,拉斯帕尔马斯,安特卫普,珊瑚,珠宝首饰,2.0,900.0,2000.0,欧洲西部,伊比利亚,欧洲北部,荷兰
1450.0,马德拉,安特卫普,珊瑚,珠宝首饰,2.0,900.0,2000.0,欧洲西部,伊比利亚,欧洲北部,荷兰
1450.0,里斯本,瓦伦西亚,火器,金制工艺品,2.0,1400.0,1500.0,欧洲西部,伊比利亚,欧洲西部,伊比利亚
1450.0,西西里,"威尼斯,比萨",黄铜,珠宝首饰,2.0,900.0,2000.0,欧洲东部,意大利,欧洲东部,意大利
1450.0,瓦伦西亚,"里斯本,塞维利亚,巴塞罗那",金制工艺品,火器,2.0,1500.0,1400.0,欧洲西部,伊比利亚,欧洲西部,伊比利亚
1450.0,巴塞罗那,瓦伦西亚,火器,金制工艺品,2.0,1400.0,1500.0,欧洲东部,伊比利亚,欧洲西部,伊比利亚
1450.0,的里雅斯特,安特卫普,船钉,珠宝首饰,2.0,900.0,2000.0,欧洲东部,意大利,欧洲北部,荷兰
1450.0,的里雅斯特,"威尼斯,比萨",船钉,珠宝首饰,2.0,900.0,2000.0,欧洲东部,意大利,欧洲东部,意大利
1450.0,布里斯托,安特卫普,船钉,珠宝首饰,2.0,900.0,2000.0,欧洲北部,不列颠,欧洲北部,荷兰
1440.0,北大年,那霸,剑麻,珊瑚,2.0,1980.0,900.0,东南亚,东南亚,东亚,东亚
1430.0,科钦,"锡兰,卡利卡特",白檀,红宝石,2.0,685.0,2175.0,印度洋,印度,印度洋,印度
1425.0,不莱梅,"爱丁堡,都柏林,伦敦",啤酒,英格兰花呢,2.0,850.0,2000.0,欧洲北部,德国,欧洲北部,不列颠
1425.0,不莱梅,安特卫普,啤酒,珠宝首饰,2.0,850.0,2000.0,欧洲北部,德国,欧洲北部,荷兰
1412.5,亚速尔,瓦伦西亚,珍珠,金制工艺品,2.0,1325.0,1500.0,欧洲西部,伊比利亚,欧洲西部,伊比利亚
1380.0,波尔图,瓦伦西亚,蓝花瓷片,金制工艺品,2.0,1260.0,1500.0,欧洲西部,伊比利亚,欧洲西部,伊比利亚
1375.0,里加,安特卫普,皮草,珠宝首饰,2.0,750.0,2000.0,欧洲北部,北欧,欧洲北部,荷兰
1375.0,里加,"爱丁堡,都柏林,伦敦",皮草,英格兰花呢,2.0,750.0,2000.0,欧洲北部,北欧,欧洲北部,不列颠
1375.0,普利茅斯,安特卫普,白镴器皿,珠宝首饰,2.0,750.0,2000.0,欧洲北部,不列颠,欧洲北部,荷兰
1375.0,卡利亚里,"威尼斯,比萨",铜矿石,珠宝首饰,2.0,750.0,2000.0,欧洲东部,意大利,欧洲东部,意大利
1362.5,马斯喀特,霍尔木兹,珍珠,绿松石,2.0,1325.0,1400.0,印度洋,波斯,印度洋,波斯
1362.5,霍尔木兹,"马斯喀特,巴士拉",绿松石,珍珠,2.0,1400.0,1325.0,印度洋,波斯,印度洋,波斯
1362.5,巴士拉,霍尔木兹,青金石,绿松石,2.0,1325.0,1400.0,印度洋,波斯,印度洋,波斯
1335.0,里加,"哥本哈根,吕贝克",皮草,甲胄,2.0,750.0,1920.0,欧洲北部,北欧,欧洲北部,北欧
1325.0,长崎,"堺,江户",日本刀,珍珠,2.0,1325.0,1325.0,东亚,日本,东亚,日本
1325.0,安平,那霸,龙涎香,珊瑚,2.0,1750.0,900.0,东亚,大明,东亚,东亚
1325.0,海州,"杭州,安平",船钉,青花瓷,2.0,900.0,1750.0,东亚,大明,东亚,大明
1325.0,江户,"堺,长崎",日本刀,珍珠,2.0,1325.0,1325.0,东亚,日本,东亚,日本
1325.0,堺,"江户,长崎",珍珠,日本刀,2.0,1325.0,1325.0,东亚,日本,东亚,日本
1310.0,奥斯陆,"哥本哈根,吕贝克",呢绒,甲胄,2.0,700.0,1920.0,欧洲北部,北欧,欧洲北部,北欧
1287.5,淡水,"杭州,安平",玛瑙,青花瓷,2.0,825.0,1750.0,东亚,大明,东亚,大明
1262.5,格罗宁根,安特卫普,金酒,珠宝首饰,2.0,525.0,2000.0,欧洲北部,荷兰,欧洲北部,荷兰
1200.0,帕尔马,瓦伦西亚,雪莉酒,金制工艺品,2.0,900.0,1500.0,欧洲东部,伊比利亚,欧洲西部,伊比利亚
1200.0,马六甲,那霸,金制工艺品,珊瑚,2.0,1500.0,900.0,东南亚,东南亚,东亚,东亚
1200.0,拉斯帕尔马斯,瓦伦西亚,珊瑚,金制工艺品,2.0,900.0,1500.0,欧洲西部,伊比利亚,欧洲西部,伊比利亚
1200.0,马德拉,瓦伦西亚,珊瑚,金制工艺品,2.0,900.0,1500.0,欧洲西部,伊比利亚,欧洲西部,伊比利亚
1200.0,马拉加,瓦伦西亚,雪莉酒,金制工艺品,2.0,900.0,1500.0,欧洲西部,伊比利亚,欧洲西部,伊比利亚
1150.0,布宜诺斯艾利斯,科皮亚波,玳瑁,烟草,2.0,1250.0,1050.0,南美洲,中南美,南美洲,中南美
1150.0,科皮亚波,布宜诺斯艾利斯,烟草,玳瑁,2.0,1050.0,1250.0,南美洲,中南美,南美洲,中南美
1125.0,圣安东尼奥,布宜诺斯艾利斯,橡木,玳瑁,2.0,1000.0,1250.0,南美洲,中南美,南美洲,中南美
1125.0,伯南布哥,布宜诺斯艾利斯,橡木,玳瑁,2.0,1000.0,1250.0,南美洲,中南美,南美洲,中南美
1125.0,瓦尔帕莱索,布宜诺斯艾利斯,白银,玳瑁,2.0,1000.0,1250.0,南美洲,中南美,南美洲,中南美
1112.5,望加锡,那霸,珍珠,珊瑚,2.0,1325.0,900.0,东南亚,东南亚,东亚,东亚
1112.5,萨马赖,那霸,珍珠,珊瑚,2.0,1325.0,900.0,东南亚,东南亚,东亚,东亚
1012.5,不莱梅,汉堡,啤酒,甲胄,2.0,425.0,1600.0,欧洲北部,德国,欧洲北部,德国
1012.5,汉堡,不莱梅,甲胄,啤酒,2.0,1600.0,425.0,欧洲北部,德国,欧洲北部,德国
1000.0,伦敦,"爱丁堡,都柏林",英格兰花呢,英格兰花呢,2.0,1000.0,1000.0,欧洲北部,不列颠,欧洲北部,不列颠
1000.0,雷克雅未克,"爱丁堡,都柏林,伦敦",硫磺,英格兰花呢,2.0,0.0,2000.0,极北地区,北欧,欧洲北部,不列颠
1000.0,雷克雅未克,安特卫普,硫磺,珠宝首饰,2.0,0.0,2000.0,极北地区,北欧,欧洲北部,荷兰
1000.0,都柏林,"爱丁堡,伦敦",英格兰花呢,英格兰花呢,2.0,1000.0,1000.0,欧洲北部,不列颠,欧洲北部,不列颠
1000.0,爱丁堡,"都柏林,伦敦",英格兰花呢,英格兰花呢,2.0,1000.0,1000.0,欧洲北部,不列颠,欧洲北部,不列颠
960.0,雷克雅未克,"哥本哈根,吕贝克",硫磺,甲胄,2.0,0.0,1920.0,极北地区,北欧,欧洲北部,北欧
955.0,巴伊亚,布宜诺斯艾利斯,玛卡,玳瑁,2.0,660.0,1250.0,南美洲,中南美,南美洲,中南美
950.0,马尼拉,那霸,白银,珊瑚,2.0,1000.0,900.0,东南亚,东南亚,东亚,东亚
950.0,釜山,那霸,白银,珊瑚,2.0,1000.0,900.0,东亚,朝鲜,东亚,东亚
950.0,布里斯托,"爱丁堡,都柏林,伦敦",船钉,英格兰花呢,2.0,900.0,1000.0,欧洲北部,不列颠,欧洲北部,不列颠
900.0,古晋,那霸,黄铜,珊瑚,2.0,900.0,900.0,东南亚,东南亚,东亚,东亚
900.0,占碑,那霸,珊瑚,珊瑚,2.0,900.0,900.0,东南亚,东南亚,东亚,东亚
900.0,海州,那霸,船钉,珊瑚,2.0,900.0,900.0,东亚,大明,东亚,东亚
875.0,普利茅斯,"爱丁堡,都柏林,伦敦",白镴器皿,英格兰花呢,2.0,750.0,1000.0,欧洲北部,不列颠,欧洲北部,不列颠
862.5,淡水,那霸,玛瑙,珊瑚,2.0,825.0,900.0,东亚,大明,东亚,东亚
-2400.0,那霸,那霸,鱼肉,鱼肉,2.0,-2400.0,-2400.0,东亚,东亚,东亚,东亚
